Shop on eBay,Brand New,$20.00,,,,https://ebay.com/itm/123456?itmmeta=012DEW30YG0MEEKND7NH&hash=item123546:g:acwAA9KNiJowH:sc:ShippingMethodStandard!95008!US!-1&itmprp=enc%3AbgepL1tlUHjMGCVfSTGJh%2BzsVKeJ3CQk7NizDI4BZeppuFnmyS6Ijyp8lh%2FnEw%2BWqO7uTV1Q6izE1R0T54aV8j71F4xlWfVcGft4%2FiOQhtqVXA1rW6M1atPARQRmhqUxtEPJKhKtSFgI%2Bvwlzb0GwVCtkp%3ABlBMUObkmabpYw
Shop on eBay,Brand New,$20.00,,,,https://ebay.com/itm/123456?itmmeta=012DEW30YG0MEEKND7NH&hash=item123546:g:acwAA9KNiJowH:sc:ShippingMethodStandard!95008!US!-1&itmprp=enc%3AbgepL1tlUHjMGCVfSTGJh%2BzsVKeJ3CQk7NizDI4BZeppuFnmyS6Ijyp8lh%2FnEw%2BWqO7uTV1Q6izE1R0T54aV8j71F4xlWfVcGft4%2FiOQhtqVXA1rW6M1atPARQRmhqUxtEPJKhKtSFgI%2Bvwlzb0GwVCtkp%3ABlBMUObkmabpYw
Apple iPhone Se 2nd Gen 2020 64Gb 128gb 256gb Unlocked Verizon Great Cond,"Free Shipping, Free 30 Day Returns, Bonus Accessories",$159.99 to $284.99,25% off,Free ,,https://www.ebay.com/itm/135040052957?epid=15057051674&itmmeta=01HZ7FS3373B639VZE2MSPF2Q0&hash=item1f7103aedd:g:8awAAOSwtb5mMQEL&itmprp=enc%3AAQAJAAAAsBIHwqaonWdQLKWFdOsa8Hl5qn1MBaVM9rxLB0n66GT9FuyMP102klv3jddkMZ3Tp8KkTeIiNaHrdWhwrBuiJz78v0OA4wymw16VrlGBJ8TitnoYzde2CF8kBxxWK%2B4hIgXRHxs%2BmZySKDHxRfKeiA1CFs8uIgw2Dip782BsH%2B6FCn1zOzKUEO2PNky9Z2q4DPc2mkzTvaM1dpRF1gkJNmi%2FkrqmxeeX6cxA4oh9zyle%7Ctkp%3ABlBMUJKy5O_5Yw
Apple iPhone 8 64Gb 128gb 256gb Black Gray Gold Red Unlocked Great Condition,Pre-Owned,$134.99 to $249.99,37% off,Free ,,https://www.ebay.com/itm/135040057160?itmmeta=01HZ7FS337H0PJ9M2CGSQNK3B7&hash=item1f7103bf48:g:JqgAAOSwk2tmMRLb&itmprp=enc%3AAQAJAAAAsFwEtgavdPb%2FPTKCwIJboUoAn7MjlwCc9mdUChnmHxC0uhI91yYZCJP4ibbVHrckVPja2X2NCCLZB%2BhkCi4U%2BlU4Klt5Dkhl35CmOp62DdiyTuf97deGxCjZY2Uej63%2Bqrato%2FrRAAI%2F6%2B0Unjd59muxtYW1IARCcwgIuHPVO2U0GmLsDk3pMihG2ZsuEa8p4VjVAHjsVnoHAN5odgp4weyUdxxiidORmTKrQJimjja%2F%7Ctkp%3ABlBMUJKy5O_5Yw
Apple iPhone 8 64Gb Black Space Gray Unlocked Fair Condition,Pre-Owned,$114.99 to $219.99,13% off,Free ,,https://www.ebay.com/itm/135040060216?epid=239093125&itmmeta=01HZ7FS337J5VMZGB9F9A6YJ29&hash=item1f7103cb38:g:JqgAAOSwk2tmMRLb&itmprp=enc%3AAQAJAAAAsNeaWVSIkgkrAdAMZMr4MylL9qaDF%2BW8Ra6OkQsAPtbu0PIqBxUVkC56AZ6cAzxgX%2BRXNIAV2a1fSX6AA2Ht3CcucjdEFdOptVT1cgQkuWptqcof%2Fh5LnqEzX2TzvL0MSBDbUmKTTbudtfTDz%2FWY2sAN22MR9y0A%2FVhd79YYPLC7yg2tLTgeH7ra%2BvBiVJ7R7tbRy5ThiUIhKqLmsH2VurT8nVk5%2F9BQG4WEzzNOrRRH%7Ctkp%3ABlBMUJSy5O_5Yw
Apple iPhone XR - 64GB - Factory Unlocked - Very Good Condition,Free 2-Day Shipping | 1 YEAR WARRANTY| Free Returns,$169.00,,,,https://www.ebay.com/itm/124894860851?epid=9037653880&itmmeta=01HZ7FS337TSN2QHDK82SG737H&hash=item1d14505633:g:I1QAAOSwdRVhO6Lu&itmprp=enc%3AAQAJAAAAwDbLHq35Hou4SmKBiP5EvEkpWxA%2FIiQGNo2BXKTe3WAPw5THARql3AGZMvZjsR2ZVVnDU61gQxrouTnvOOSmqtOufTAGGhL3UYALgSQR1HgXlRTndwJxobMLdP396IWpy%2F2Aj6N%2B1yRReNFd76ItGyvzUS5V4TCSugIgrZKUHiMiGyt2V0sVfHxPMGJuAv5InrXJMZKOaLpGVpl3MRobqJdWPUHxkaTZoiTGT35ZDgE5yzG19DCENDOuWXQqL7UtQw%3D%3D%7Ctkp%3ABlBMUJSy5O_5Yw
New ListingApple iPhone XR - 64GB - Black (Unlocked) A1984,Pre-Owned · Apple iPhone XR · 64 GB · Unlocked,$99.99,,+$7.99 ,,https://www.ebay.com/itm/156235200730?epid=9037653880&itmmeta=01HZ7FS3375ACHE3KAQH6RAQHV&hash=item246057f8da:g:Go8AAOSwS7JmWcc6&itmprp=enc%3AAQAJAAAAwDRBeWOn0lSsYBz0CSPnfdlaQoFXXNmH3jaZM3zb5VARpeiIcdUo7AqsBeRhmG%2Fb6ZX759hMrKbdFhf1iz6VmLY6gIiOPKF2HtMC3UyCZbYZWu0KdtHqNLG4%2F4OwMIUy7KBZGQSkqswzdXHqGC5PQIN9%2Fj1mddPQZwyG%2FrWy3RW%2FD1ujvCS3Z4up2Yfahwv5j2oag7pPGEC8%2Fr6%2BGZAIVy4CgjlqZ9xbZDZh5q4JA82KcehiiEplIC6T8ZCqyDfpKw%3D%3D%7Ctkp%3ABk9SR5Sy5O_5Yw
New ListingApple iPhone XR - 64GB - Black (Unlocked) A1984,Pre-Owned,$99.99,,+$7.99 ,,https://www.ebay.com/itm/156235266016?epid=6038880603&itmmeta=01HZ7FS337Q990T04W1R2ADRRW&hash=item246058f7e0:g:uD4AAOSwLZlmWdOC&itmprp=enc%3AAQAJAAAA4Itqqo6h7%2FuhuIET%2BZ6qapx9uWn8PglX72RN3sTrCKes11qaoWhMu5C4UUb7W3jfsbODF6218lQTMz1xfRI2RuasqKvo4c81Iiz6Q9eeZbiBgcvm5OntL46cF%2Fb%2FLx%2BHtJl3Ijei5NAMfl8gPAUG2dSuCU1xxn%2Fu5yyx71G0FO24SKXWUO3M%2BmtfjEqysYbhjSvkt061EiBcD%2FHuDCYIcz6H0V83Pi7wzLDOIVMxt1YCTJKOE4x75xHAmBq%2By6mA%2F0CUcN0ixVLKIhKhXGrraV3XBwxnLUmFlkHWVOryAzjJ%7Ctkp%3ABk9SR5Sy5O_5Yw
New ListingApple iPhone 15 Pro -Blue Titanium FOR PARTS ONLY READ,Parts Only · Apple iPhone 15 Pro,$399.00,,+$8.74 ,,https://www.ebay.com/itm/296470177437?itmmeta=01HZ7FS337QNN728E4YR7JAKRH&hash=item4506ffe69d:g:1o8AAOSwF2tmWdGm&itmprp=enc%3AAQAJAAAA4D2UaVU73IHGKwyTvpomfF2KEiPIse5czOgaUxo%2Fr9nndEoCO5gajBEJC7zqp5M6VYGXuR7aiYPJCx0qpe147Ip6VeLshTVW6hxwBcSRmzf0GeybFdMkgRjSoIfNG9PgDd1Xc2wX1hg4OU5sDaJfp6hctivypQF%2FUfLgUhF7TlukWz4TLqPJ7Epo4b8bSuTBBDVjXMal6jO0dYcijhMqSZ62c7AP4A757eRgARALaqdjXnqRapNLtdNTJHLRY8%2FWNnhLEMl3kVvarVds3o4Ts6kapYw5tgzueDNp6MqUtz1Z%7Ctkp%3ABk9SR5Sy5O_5Yw
New ListingT-Mobile Apple iPhone 12 64GB 15.7 Blue MGEK3LL/A Clean,Pre-Owned · Apple iPhone 12 · 64 GB · T-Mobile,$199.99,,Free ,,https://www.ebay.com/itm/276489099765?epid=13043202634&itmmeta=01HZ7FS3370KFC0JAYERX5E7H7&hash=item406008d9f5:g:9uMAAOSwIpJmWchw&itmprp=enc%3AAQAJAAAA4Gt4%2F4jMQen7jRvg9g4VcsrzO5zlLm%2Ff4aQl64VJtwO2sEmm%2BoiZwF08k26vCYJqnQMrUamkQMpkZ6j0UpgQbofdiaJ72svteJjcHHoBZ3M4WdLGCTt91k4Cpy7PK0NJaehZISLk1ZFCUzAq712u6BstGDb6e63SfysUki9LKMO2Sab8n6z4jlGnEof6moIb1N8vEdoLMmn0%2FG5391nEErCBXUojms7abarqDBH1HIUd0HUJwU%2BoABUzjLso7QcZliwJ4ZMkDbAOBzcah0c24pxTJmvIrLSOuB9wk4c6r7JY%7Ctkp%3ABk9SR5Sy5O_5Yw
Apple iPhone X 64GB 128GB 256GB ATT T-Mobile Unlocked Verizon Good Condition,,$138.00,,,,https://www.ebay.com/itm/176213728062?itmmeta=01HZ7FS347NHR594413BSQNEGE&hash=item2907281b3e:g:VB4AAOSwygZlm~wH&itmprp=enc%3AAQAJAAAA4IGgefq0b9BA0rlvVXQfmq5bGCpiyhaI9IbF1Ci6KTzA7DlIEDU3HbM6OsjdtGg0jZK1ggHIAdpB%2FqGCQC7NGJhz0D3LC3aeXhaPobiJCHhOIeoPN34pNFn9l2yAf5Q%2FlgfOQpTNgC5yMwrqrAHcTRMN6EYxmqMjGCW7xynxJGwkL9%2FvJDM1H1Bq9UleycJzmRQa1Jg%2BGUd8xAUolYc9%2FsImw6qEcA%2BY%2FYWF7TaeiGZhJIx%2Br1zSaOycjb%2BMGDl%2BOXu5u6nlVar9Fdc56eeZTVe%2BMlRxUrl%2BQBKeGVBGqAH4%7Ctkp%3ABFBMkrPk7_lj
Apple iPhone XR - 64GB - All Colors - Factory Unlocked - Good Condition,,$147.01,,,,https://www.ebay.com/itm/335240234966?epid=25023701275&itmmeta=01HZ7FS347Y7FBSZCD6014QQYG&hash=item4e0de007d6:g:cwUAAOSwYR5lZlNw&itmprp=enc%3AAQAJAAAA4Bd1p0Z92y6%2BK4k0oT25X8zGlcMYvBqxyuIQd7EoacJalwQ4XvtXqYyFmradWTo5%2BND7PabztuEcMXq4UbYs%2FZw0L7z9hx%2B%2FzU2TPux8a7E3HFDnb53HevgtbJHnonjP5nOSUsx78TdjlerTwLDiDK38p1XaO%2BeGGOPuuh2ZMH2DMiAsdSOLWWAy6i05I1PA0xtfPbSbMdH9hlElr3yPSvVmSZumudhxCsS4WTtdE0jUXjkHJo%2FA7kf%2FzR18r5bDQ%2FSy0ABMT3LrF5BMxmFXo7tIQI%2FLC8yeJOfyoULbTLxx%7Ctkp%3ABFBMlLPk7_lj
Apple iPhone 11 Pro Max A2161 256GB Silver Unlocked iOS Smartphone - EXCELLENT,,$390.00,,,,https://www.ebay.com/itm/176398588475?epid=23034220736&itmmeta=01HZ7FS3470YWHGMHC07NH4GX7&hash=item29122cda3b:g:N5YAAOSwCtlkzUn8&itmprp=enc%3AAQAJAAAA4LRp2q%2Bu4Ib4wL8DAyXCNinkLSm319v3%2BhQPsQ%2B51OpWnisgbJGrSPbWsV2YHHXAfXFD86ZpsJmFMXGujr4cfmVQHPO5AeRcH7Q9VSCYyaKkbPhztXAbKJhkpnCVSwZhf1TGfSCtX956OIa9%2FOkb%2FlDBr%2BTweLTZJEZ4AZHCDwfxYLDJK32bvRYheYC3SJQXKtEmovOpqt4c5nfIX8dr0AIitLVctleSehQWkkY9KiRDrbo0Q5vbRuUVxGJqR3U52zqck5fYlsPAopvHDZR9g7syjhaqvnf1nKM%2F8hAFMm75%7Ctkp%3ABFBMlLPk7_lj
Apple iPhone 12 - 64GB 128GB 256GB - Factory Unlocked - All Colors - Good,,$289.85,,,,https://www.ebay.com/itm/204531365720?epid=25041703793&itmmeta=01HZ7FS347A28X4RSTT8JCT13V&hash=item2f9f04f758:g:unsAAOSwBLBlpZhY&itmprp=enc%3AAQAJAAAA4D8qdEJ21cYRCDL3bIKZkYyVJsrk1v%2FkDry6loLdFjry4ho25zQ0EbXHP4p3JJS9sBzeFyoOq9uFrn7aut7iK8n99VhtRfuhc%2BjwRRSPhWwgJqE9xZjSE6zYWQXtLR924QgAYcWdp%2FdZRngvNLQuJrdUSnWx4CZ4uTNaYFlh14bl7aIpAlBF85fvyZaJToMYTk1Ed9mR446x22gduTZPEJxIWvcMNUjHsSX8hbFD6F6E2P8C%2FHsf0qztmxlWDbGT%2FX3jV969hnHuNAPd%2BMUq%2Bd3%2BJPM4Na06q1miLxEQzl4W%7Ctkp%3ABFBMlLPk7_lj
Apple iPhone 12 - 128GB - Factory Unlocked - All Colors - Good,,$289.85,,,,https://www.ebay.com/itm/204531323751?epid=16041710007&itmmeta=01HZ7FS347C9J8Z5CZAAENM614&hash=item2f9f045367:g:xAMAAOSw6O9lpaCv&itmprp=enc%3AAQAJAAAA4GdNWG2Ehx5%2BCuEYCJ4S1WPIykARLYZyF0iXL%2B7sklFgFs%2BYvg1E%2FUEsKmujjDpX3uQP6Qb83TtvoKkw7rMDlzB29V4WVN%2FPj%2F5df0P1%2FQHltMC3Azspc3BsbZjC%2F0TkFgA7SE5q49QLXSPNteIwAXuoTcPvFQOtQ6jerc3PsEpAS56viBWP2AKSWwP%2FZ5mRY%2FuEEbyGOaffGR0zGQ2JgjIyvuNs8RQhxtZ%2Fzxkn3MbbhFUMoriK%2BD2DQ5N3PzgOLA%2BheDLpMe28vbeIs%2FGGOKr3c6IWTB%2BHO1Oj4rYSq4jz%7Ctkp%3ABFBMlLPk7_lj
Apple iPhone 12 Pro 512GB (Unlocked) - Graphite - Good Conditon,,$353.95,,,,https://www.ebay.com/itm/364827116288?epid=24041710548&itmmeta=01HZ7FS347MGT9EZ9E5T7BGS0Y&hash=item54f1640300:g:-VYAAOSwa3tmEBFL&itmprp=enc%3AAQAJAAAA4GLovqZRmdMbACDYs8RpNHtlSqnYd1cdtKU0VZFGka3IehoxJoXN5TMeLutl9lu8kno3tYpXlGR%2BeVOT1nG9CzO%2FnTPsOFBBLqg8gGxcf%2F5kQfJQqaxAZW2JSEqNV7C3whJGfXGfAKFhZ4DQmJ7om35WPZoI4yO3Gz3rmkHiZ4ux6KuddqQt3r7QSrBNDqtms5zTGonJsWg1GyBnh1VAJiFg6zjWVdpTA2SrFc0bUNTCKPi5vZBasZeoj1fpCIV3SwV%2FTUio2K3pMubjJzRTynVbNNQ54VEvc84jalCpDwDu%7Ctkp%3ABFBMlLPk7_lj
Apple iPhone SE 2nd Gen. - 64GB | 128GB | 256GB (Unlocked) A2275 - Good,,$174.95,,,,https://www.ebay.com/itm/256355718360?epid=3037860076&itmmeta=01HZ7FS347A7KM223WMKYQE5V8&hash=item3baffdd4d8:g:4nsAAOSwr01lizVV&itmprp=enc%3AAQAJAAAA4I0XHHiioXcN2o1lLSbSRq1xlI5btw1V9Q3W%2B67JJg%2BncE69LLw%2FVBCK2j7ywty6Cb0eePH25Cjyiz7Flu8QTu7BAsin0ya7bPijTLtY7kZu%2BSgpzPFYS8Hxm1lFmMhNgC4H%2FJzo5D6SvNm9EwSRbFo301N7hyJxO6k2k%2FA03aGDtMUT6JwhPg73gs9O%2B0Pi1xcF%2BNCqgLRi1%2FYka6MuxQhwT%2BZ%2BQ2mEK5wup9XxpJ7A%2BvnA48ETgo5Kn7EAqkbif%2F4CcwP17%2F3X6LDHF%2F1cI0znahcXD1mdNx%2FwtYUWtsYP%7Ctkp%3ABFBMlLPk7_lj
Apple iPhone 11 64GB (Unlocked) - (PRODUCT)RED - Used Conditon,,$180.95,,,,https://www.ebay.com/itm/145705758483?epid=19034211465&itmmeta=01HZ7FS347X9SN5ER3W3BWYFPM&hash=item21ecbd6f13:g:OmQAAOSwbJ1mEExL&itmprp=enc%3AAQAJAAAA4JMvO05k1Wa4QzAPMF9KEY8%2Bq6M6mVsm096WB%2Ff9EvLnXwWnFZQdygsE1Au4EJZE5j%2B614YWVz6nKiZfUNDNtAgtpnrMAebo6%2FDCwNTppT5Au8%2FOvBJAi9vjjq4RYsU25CZDzZ%2Bb9LeZpdSCTMXQNbifL2uym0A8EMIRT0jr3JiZefRZHZJBzztJYJdZqapk4TWV9zl7BNS79S3nUdSAHspLl%2FAPMq4a3Lv9U18FZRE8HpbfZP6hUk%2B3xzfi9PUXpuAqOJ6iLEkDtdrb02VqqU5bsw0blBXCzagIzkg4z690%7Ctkp%3ABFBMlLPk7_lj
Apple iPhone 12 - 64GB 128GB 256GB - Factory Unlocked - All Colors - Good,Good - Refurbished,$289.85 to $309.85,,,,https://www.ebay.com/itm/204531365720?epid=25041703793&itmmeta=01HZ7FS338RR8DHD2GK7KVMF9T&hash=item2f9f04f758:g:unsAAOSwBLBlpZhY&itmprp=enc%3AAQAJAAAA4D8qdEJ21cYRCDL3bIKZkYywbxdgCJeiWG6t8%2F%2BSf2VjFf95R7ksa1Axu4R348iQfM%2BavrQXNm3Uxu1Hv4tWmAwQTy4bfTO%2FCt1Zbli2c9Np0Oj8P7EqvDTBAVRbqXqtbnMAQtU4b8SRk%2BsKSxUq9MlDxyO9Ok3H6tTlWgvb%2F4mLMMYGDxxoGpxXpCDkwD61zoK%2F8kilmFrJcqZS66vp%2FEHJ54fDjYZtaog9RuCTubjLlwxFGgAFONOWcv7JCFhBfh50xtHuP61tox6szyIDdIvSTSQ824HwJy%2BXoMuN6XO%2F%7Ctkp%3ABk9SR5Sy5O_5Yw
Apple iPhone 12 - 5G - 128GB Factory Unlocked GSM + CDMA - EXCELLENT,1 YEAR WARRANTY - FREE RETURN- FREE SHIPPING - UNLOCKED,$298.48 to $338.48,,Free ,,https://www.ebay.com/itm/134411668661?epid=4065001101&itmmeta=01HZ7FS3381JBP38AC9B3P6NM0&hash=item1f4b8f4cb5:g:P-UAAOSw84thmUOJ&itmprp=enc%3AAQAJAAAA4CpY18ROh%2BmPhNntITOYZNcAtiXwXCSCBvYTAXVvMi9BTjad%2By%2FP5q%2BkwRhYXp3W45l8NoBzRl9Ksvdf1mUezwI%2B8Ac399iUAtO0DDDWZbRIAfPfdpXuw%2Bos2oOPB87Mp0Mevl8AptiXFE09JDDm%2FYRhlxVZEXFKK79riSTthj3f9TGO%2B1Zg7afGF59PxZHAIvja%2FROrSg2qRnHVdcTCrkE2C1YiZlSAsNFpjUurllyXLV4%2B57ExzVRvBG7%2BkkLFaTLVEsYridynmZp3FQyHAJ6%2BzOzJ2BXpTS%2BXk7z0YDbQ%7Ctkp%3ABk9SR5Sy5O_5Yw
Apple iPhone 13 A2482 128GB Network Unlocked Very Good Condition,Very Good - Refurbished,$359.99,40% off,Free ,,https://www.ebay.com/itm/354393355064?itmmeta=01HZ7FS3387C5VYFRACSTQPFHS&hash=item52837d7338:g:DDcAAOSwEjhjcrCI&itmprp=enc%3AAQAJAAAA4LJcsqwP522dQL6gdzS6xQrr6Kq5y4%2FsCHD3cNN%2FC7epOMkAd40VWGZW8sfK3HN0dSASCo%2FqtEx9cIjxEpSzmVo4VAlHeS8OZ67nSbPMhfz3Oup%2B7BApCbIc2R727K4NMU9GDGJsSNoUcRdqt0I2KYyOBXGovVLhFYpVxHYcoUaXXfPWKQIHLAx8HwdEBwuerBGhtXOguTxteNSB5I2%2FjSjU72%2B1vhtVpzNOdYG3r3oC%2BiUU0no0teIdom9UaN9NjRVojHUnL07%2BvwnsJtZ7aY--%2FOS%2FBUFxxtThKWKpacP4%7Ctkp%3ABk9SR5Sy5O_5Yw
Apple iPhone X 64GB Silver UNLOCKED Very Good,Very Good - Refurbished · 64 GB,$159.99,54% off,,,https://www.ebay.com/itm/334657028211?epid=240455169&itmmeta=01HZ7FS3388A6FJBK1SMZ0HB85&hash=item4deb1d0073:g:BMMAAOSwFqFl-ysQ&itmprp=enc%3AAQAJAAAAsJJxGDJbav%2Bc0%2BEwLLpE0xO4npMcHuB1HDCjpKnpS0kwyFKgXcY7L%2BlI8lPueGe3chxKY7x1KCau5Z2PatUZk%2BHtFe8JYYBfco4R6mbq%2B4DtToz0RKMqczJ1faPoQrUS5sQzEU5oF5uaxxIutZHBnTpxR6lvoCS4%2Bn0qPd9Q14zgxwhZqa07xm4FowU9Asg9fdn3oyZGzQ88ZligouZAwLXVtYcKDUU8dVDeUHZxScOe%7Ctkp%3ABlBMUJSy5O_5Yw
Apple iPhone XR 128GB Unlocked 4G LTE Smartphone A1984 - Black - Excellent,Excellent - Refurbished · Apple iPhone XR · 128 GB · Unlocked,$179.99,,,,https://www.ebay.com/itm/375444295962?epid=10023711179&itmmeta=01HZ7FS338R1652MZXKEVW44KR&hash=item576a39511a:g:An8AAOSwB0JmTjpz&itmprp=enc%3AAQAJAAAAsIJqtXB6DQcy7RBDkHxn6LEqnd86vR0glpA9BwC7uiUAx062tTRtjtvi3iSLi%2FUdSeik3ean%2FaNOQpFQk%2F0NJL0T6JzHF0lXFT3mzP%2Fdd7S6jbvOpIrPX8IsVEfhQMiBCyb1cDO%2FGOrdeZuUXV0xgAwCJtRf8fQncMWvhcL0K%2FHjXdrAL1clX3%2BQSFhqIoWYHFXAIjLRADoiP6jDRwLBXstlbmlpm5M0Eu9nSedXGAdI%7Ctkp%3ABlBMUJSy5O_5Yw
Apple iPhone X 64GB Space Gray UNLOCKED Very Good,Very Good - Refurbished · 64 GB,$157.77,55% off,,,https://www.ebay.com/itm/334657028137?epid=2310781314&itmmeta=01HZ7FS338600WSD6Z1AYYPFCR&hash=item4deb1d0029:g:rpAAAOSwbUxl-y~7&itmprp=enc%3AAQAJAAAAsFxGUeUxD2wB0luUcHK5cAgj%2B3Qp5DIm9YbDhcPGn1jJy2YQRr5ZyKiHFxJBBKc6pJfyAESjoUXcI6eZE462aMmcBuoEAPatC0U6loizCK%2F1KatffVqaLt0HJtC709LF35i5XsTUGF24j0VDEZxn6XmhkIAazSJ3o%2F%2BqxoI6YADo91rbw3ZD7MVdUDM1C%2F7gOgiSYAYM2CfN39rMH2i7N14vl7YYFaGDqTmmy%2BJqej2y%7Ctkp%3ABlBMUJSy5O_5Yw
Apple iPhone 8 Plus 64GB 256GB Unlocked AT&T T-Mobile Verizon Good Condition,Free 2 Day Shipping!,$129.99 to $139.99,,,,https://www.ebay.com/itm/145543525213?epid=245220725&itmmeta=01HZ7FS3388AXCK6N2BR4HYAZJ&hash=item21e311f35d:g:rpkAAOSwuQ5lnNup&itmprp=enc%3AAQAJAAAA4EQfZZusJ1gkhQew0otQ2pWARTyPr2RUGnCrKB4%2FChwqTqn0IXn9kNaEEg5FAXHZOwOaraLBT97bIzckhlecVrG1%2FUzHLotg0ST14CmsryT2piNohzPA%2BChHovJWeebJmUQ06ytklIiSz2uub5XmI7%2BDF2YklSzmlFAhcJE5Pile2zzrsXwkxEJKVXWLowL6kKAjGDkH4uraQs0bW3MS5psbsPjWOvVjRZ8VC%2BK9gnQWhb0GY%2BJGY4WwIOWFqCS5oslO6sEY9MhDg9G5LJnZle7CbFJ5Nu9fDDVlxcITX2C%2F%7Ctkp%3ABFBMlLLk7_lj
Apple iPhone 12 Pro 128GB Unlocked AT&T T-Mobile Verizon Very Good Condition,FREE FEDEX 2 DAY - 60 DAY RETURNS - 1 YEAR WARRANTY,$334.95,66% off,,,https://www.ebay.com/itm/294304467850?epid=22065000738&itmmeta=01HZ7FS3387XHE6H5XY0N8A13W&hash=item4485e9cb8a:g:Fn4AAOSwJyxlDbtk&itmprp=enc%3AAQAJAAAAwHuo17wl%2FGUpVBwrIvHd%2Bt8CHzLqbF6piUBbHpkGsOAa2hiqmSyD8qo7deTgffrCYh3Hqo8xNsC2QxkvraWdaLSEFL0wcOCHHSpOB8H2Gr3Oq5qOM%2BQkIzg7r%2FiIllRH5SToafKdeB6PtCPrgVHmsWqw2exdYrtGmt4tXHS2o2bRbeLBH40aWQhkrFX589SKRTZuFsOK%2Bh%2Ftvv6Gv5xxEKPxDHLmBPMfvGFdYMs05rhaO%2F0BIP9mjP%2BFf81dMiam%2FA%3D%3D%7Ctkp%3ABk9SR5Sy5O_5Yw
"Apple iPhone 13, 128/256GB - Fully Unlocked - Used - All colors",Pre-Owned,$329.99,,,,https://www.ebay.com/itm/235272916954?epid=11064990113&itmmeta=01HZ7FS338M6JWEBKBP0BMHJHX&hash=item36c75bcfda:g:sMQAAOSwcSFkCfCZ&itmprp=enc%3AAQAJAAAAwBemjZE5E9JdxB%2BvjIfrHnaoh1G5TmXIt8PwZmpvRaOWFg6BhXicgFnjkHel49UN5oL5THoeMD0zjqRCee08%2FzaiDq9huVBizuCLjeJJGYntH5HM9UaLbauw6dnkrFAIZkDu42jmSY5pfj49gcQ%2BGF44oGjE02Os4OFF89EMEWjIbJbqX%2F4Uj%2FK2YABhD0Vohsk%2Byspd1YTkF4i%2FA3Nwz5yIPBf4bzLJXrwBjDO6c3s4SpifKwxBwiu7hR0LreCB6Q%3D%3D%7Ctkp%3ABk9SR5Sy5O_5Yw
Apple iPhone X 64GB 128GB 256GB ATT T-Mobile Unlocked Verizon Good Condition,Pre-Owned,$129.00 to $138.00,,Free ,,https://www.ebay.com/itm/176213728062?itmmeta=01HZ7FS3385H1ZAM9MDJAFVVMD&hash=item2907281b3e:g:VB4AAOSwygZlm~wH&itmprp=enc%3AAQAJAAAAwNX56VP%2F8TGbfXfSALQRntMOeq0LiASZiNdgYMT3KY5RCmPn%2FU0uPR40Oip5Mvlbxc28qRrOv1Wuo%2BIzcvHuwM31a33Lmk6yv8ADv6lbcZ9CDR7wxDbJKipaxA09ELs11bpNJcKBkPJbU%2FSwg4ZSQ%2BLxxYQw0WBmil8T9SqQoJtYkkURptOHXGn%2FSyZvwzQUjNDhch1XAt05L%2FwmSGwQp9VOptHYk05eF262ThSys55%2Bnszj1DvAXrYOvxtr9wSd%2FQ%3D%3D%7Ctkp%3ABk9SR5Sy5O_5Yw
Apple iPhone 14 128GB Network Unlocked Very Good Condition,Very Good - Refurbished,$442.99,37% off,Free ,,https://www.ebay.com/itm/355095070816?itmmeta=01HZ7FS3381CJ07W450HYWNBAT&hash=item52ad50c860:g:xSYAAOSwLd5lJIrP&itmprp=enc%3AAQAJAAAAwP8vFS%2B9QQH%2Bd79CRCwDmyKkQ6LAgw48xb168S1HFja2IR5Mr3BfiQcetJ46XXdwZEv7t4qR58DfrmrMRFFff%2Flxej2kO8lXwEz29a%2BpflsWzzHpiJ1uK%2F0ufV3Q%2FFHgGb34bhs1oba%2F6YJGBuGBoZq%2BYzDlsdo9pUpshys1XK0qjb7%2Fy6Oy0eclLRlhcMUNXmeN9zRWKzpN7AXj9ZKchKU%2BCJ%2Bqv2wjuKS6s%2B9DpmnI7mQJ2GzzBneB8JAyaarx6w%3D%3D%7Ctkp%3ABk9SR5ay5O_5Yw
Apple iPhone X | XR | XS | XS Max - 64GB 128GB 256GB - Verizon GSM Unlocked AT&T,Open Box,$124.95 to $319.95,,Free ,,https://www.ebay.com/itm/256193691993?epid=13051628213&itmmeta=01HZ7FS338VV8FAKCZ2KXXWZRE&hash=item3ba6558159:g:4d0AAOSws0JlNsD~&itmprp=enc%3AAQAJAAAAwJRRdvgAceZh%2Fhil7F4Q2kqOGOE9EKKCtWKLiYKmSrgbaIeLo8Fc9Ci%2F%2BC%2BOWyXNUJXQam9MBLP9G0ANiG7VpFJxVUn9isp5c8wtkLBO4ssEWE9E68xxLEM4GVPtrpPWxAia5xRvrT%2B3V%2BIt7aVZ7f8R7GV1FdohZWiih9xw01MSGH9CXO%2FvzK06Hk3hjBPznQVFHJ9%2BxmSpKPz1W3CzcESalzwDwP82g4YqGjXrDp99DsQKVe2Fkjpv4rjC%2Fc3Y%2Bw%3D%3D%7Ctkp%3ABk9SR5ay5O_5Yw
New ListingApple iPhone 12 Pro - 128 GB - Blue,Pre-Owned · Apple iPhone 12 Pro · 128 GB · Unlocked,$360.00,,+$9.94 ,,https://www.ebay.com/itm/375460048271?epid=22065000738&itmmeta=01HZ7FS338RMEYFVCRZ49MWGBH&hash=item576b29ad8f:g:mv0AAOSwmENmWJCR&itmprp=enc%3AAQAJAAAA4KDQZ8n7pYEpirAmfDVhcaWUuD4YWnSSYOdZQpAIFk6MCoRZWPtUWMcxN88%2BUewNqbqYeM3YVAvFRC%2F8PNCmp0puoCnaggjstIgn8w6SUrk84EY%2FO%2FlPQzFihe0IuPbRn17zdK%2BiHQu2IMBS6ioLClUHwiOZ0uQ%2FwcG4CVv%2BTAeDR9wM8h8Zm7iQMSzIXafbLXEHMBLMY38UYd%2F2FvaoQ17%2BdFZhhm3O1%2FLSnB3uwa5Tn4PYXPy0Oj37GQR9fcVihX1gH0NYiIvg%2FCFPt6or2GTt6VkwGi6azr0tZAPt7%2FAg%7Ctkp%3ABk9SR5ay5O_5Yw
Apple iPhone 13 128GB Factory Unlocked AT&T T-Mobile Verizon Very Good Condition,FREE FEDEX 2 DAY - 60 DAY RETURNS - 1 YEAR WARRANTY,$379.95,52% off,,,https://www.ebay.com/itm/304600814649?itmmeta=01HZ7FS338NRE0YFGXMGQ8FGV7&hash=item46eb9f9439:g:P7gAAOSw2h1lDb5o&itmprp=enc%3AAQAJAAAA4Fp3VIDbnzb8ZClQ08A0IFtbYMiOwhBu5KdZD6I7Nr8ctLppwVYOGQW0mBLp7IwXTDdmegTCrxggtFgGpqvaFDpqId%2BURREth40PEeEq21q4S6hZiLlmEKQM%2FxjOT5aAQq6CKORTLIA1EBUjRr9dJ3onvTEmHnmLsPUO92%2BEvqD49BfyZ3x%2Fc--gdQ699o5RTr6gId3Q41KTl9WJJ9%2FRNpyje2AVlKCc6sxMu8oxIQzwl3peNPQCvai5vaUIZaCjOcbFIoOaFJ4NnGe1svjuWzte7G7NT8uG%2F11VY2hmNZnM%7Ctkp%3ABk9SR5ay5O_5Yw
Apple iPhone 12 Mini - 64GB 128GB 256GB - All Colors - Good Condition,Good - Refurbished,$214.00,,Free ,,https://www.ebay.com/itm/284798076048?epid=10041718466&itmmeta=01HZ7FS338NS0SWA73JX8S9VM6&hash=item424f49c490:g:CakAAOSwfnhiaw6e&itmprp=enc%3AAQAJAAAA4OuUBh4G8ldCMnXhhLoFOMsxdb8FHn1SDXqRz%2F0wPuhcw3vYncwLmh%2FLfDmb3BDahzltHoJcfL0FV5D0gcmpvig0bpr4IGOFzDuA%2FCC%2FsPL9vaT2s3QYZ3w2AeXFDJkB2pxJmjdjDUzfNz%2BXkB6NGYLr1dvHUPIRhSZG5wIs2K35ruW1GHHBwXvBlW2t%2BJ%2BXTjmmJD%2Bcqqw4t4T3%2BkZUKo1hL9rP%2Fx%2BakS%2BOkhmZUfj1XW8oedQoPx7K1houh5QzWeFVUK4s9t%2FZik4Lh4Q7lP%2FzQc%2FyZPdRz3IxmLB4NgDm%7Ctkp%3ABk9SR5ay5O_5Yw
New ListingApple iPhone 14 - 128 GB - Black (T-Mobile) (Single SIM),Pre-Owned · Apple iPhone 14 · 128 GB · T-Mobile,$102.50,,+$6.33 ,,https://www.ebay.com/itm/305594967013?epid=3056262026&itmmeta=01HZ7FS338TY38D36Z3FQDDG2Y&hash=item4726e123e5:g:z3AAAOSwQYpmWc-7&itmprp=enc%3AAQAJAAAA4I1O6k7TrxZweeN%2BMglYEOyHsMGOFSLuIvN3yTgxEZ3%2BYlW6bDjAIlJnIbkv4sL%2F63ci18JLFIityAG8EYjQIZ6hTN54VrSLmYErFBchWLV6jd3lu6omXDpvgp8x0IUJLp1u%2BRGJeJwz251WxGI5eTDNkyhZQiyfW7I2CX4KjT8%2FMn0QW%2BmDm7ayZOLAfo8zRF0YlKEJ%2FMRdLo35EpuTHWdhHwBoDDsxw49pIB7Yz4fI3hMvX9SIw8kXp6AaAa4SOYDLq9enRbU3ZiYH%2Bm1jKzSsLJ2kC3K8BlMFFukzY8xx%7Ctkp%3ABk9SR5ay5O_5Yw
"Apple iPhone 14, 128GB, Network Unlocked - Excellent Condition",Excellent - Refurbished,$524.99,25% off,Free ,,https://www.ebay.com/itm/355095079593?epid=28056262069&itmmeta=01HZ7FS3386HX96CKDEFCC8RMC&hash=item52ad50eaa9:g:t4gAAOSwm-1lJIwm&itmprp=enc%3AAQAJAAAA4BkiE8IOu9DP8V%2BwvlmaAZt%2FBbe%2Frs3%2BiDpHcvN7ZsBZ48Irqffb4x8HU4%2Ff9jUQEbY2t23ytpzT8eUqjUFwp8cNsnFnvgiq5K6fQO01T3ZNfA0PCEh6guhIZf6lkp7a50F0Rcq5hmaznRlo0l5gvJs0uuZ%2FhPBs6omW1lcE%2F3Nq0Rmj6H%2F1IIXDaQunrS%2BLpzDZ4hPji%2B1huQ6v7gLo3MoXiPZi7lReoOaB3hBi3mjNm9V7Ts9L0b4O4mCJfPyQGFeC5HVzpr8CAMnrBxuBLyw%2BMvJAA5%2BWaoKKUUC6etP5%7Ctkp%3ABk9SR5ay5O_5Yw
New ListingApple iPhone XR A1984 MT3K2LL/A 64GB 15.6 GSM Unlocked Black Used,Pre-Owned · Apple iPhone XR · 64 GB · Unlocked,$149.99,,Free ,,https://www.ebay.com/itm/296470062107?epid=9037653880&itmmeta=01HZ7FS338WCR383TM3P2SZQF1&hash=item4506fe241b:g:7BUAAOSwevhmWcfP&itmprp=enc%3AAQAJAAAAwMmYqoHjp%2FARr%2F0eM%2Fm%2FK5gc6%2B4uRSUaaP3O6Jo2MajB4%2BzuKNvlXoZsNjOKYLfdGZG3K3ic6ktZoHM8baUT6noBtllTJBOtni3svYhNym7WCMpQC2nH2S3skLvU2gqABpyy5LIlmRKUJ8WiR76nvsf7%2FjwQ%2FaTpzVOIx7pfntPJd0dRxlxgJm2oIALSKIAqer%2FmKL2YJScPiVTi9pnjjdktQVe3ckq%2FwNdCbp54SqXKVPZUx8d9evAQPGllSVoZjw%3D%3D%7Ctkp%3ABk9SR5ay5O_5Yw
New ListingApple iPhone XR 64GB Black Unlocked A1984 MH563LL/A (CDMA + GSM) 91% B113,Pre-Owned · Apple iPhone XR · 64 GB · Unlocked,$159.99,,Free ,,https://www.ebay.com/itm/176402707946?epid=9037653880&itmmeta=01HZ7FS3382912PP2AP0A201BD&hash=item29126bb5ea:g:ip0AAOSw5BJmWdZt&itmprp=enc%3AAQAJAAAAwE0H2YKMjwnN4FNNcTWM7vB7O226eTLBum9IXgaxchwdlelWjuNQtrvRqrjs8M4A40WqtN9ntzW9Q4m18xRMG8kkwa4AcgnP%2FUOVVAdhzK0I8GQoDT0lPHFUO6UO6gDQT8t%2FGPKwQN8pVPgvf9lbaJFbgW12KdUUekbYZDQnzpZJwjWkPRamTDdiyjS8Y414gYgsoWjufIILyRszIiUeGISA3RCCHwB6spK6OnN6PqYXrU0WS5U8Yjrt5yFdOqulpA%3D%3D%7Ctkp%3ABk9SR5ay5O_5Yw
Apple iPhone 12 128GB Network Unlocked Good Condition,Good - Refurbished,$273.99,68% off,Free ,,https://www.ebay.com/itm/354593750415?itmmeta=01HZ7FS338FFGBMCW2290R8EWD&hash=item528f6f3d8f:g:grYAAOSw1StjbBH-&itmprp=enc%3AAQAJAAAA0PqFohpgrBb1cT%2BCltBGdhXIMLWkcBgBcUbiNEqEw8mHq4IH2iHnd3hFHBQA4Q0AN1pK3TxLH1P5bUt9HJHVxCEzWdW8olh5ymc51q0Jq9y1Y%2F6cfg3fS24X51%2F2L%2BMibLdUlnat1kLP%2FfdQ7PnORR9Y%2FUfEZOjHVBP%2Fzcp84hhQ70Q3Xj0UmxPcwci4yRukjbsw%2BrRQy8q%2FXvlfbS5a0onxJnVFoi%2Fvh7Mz2mPcCW2RC097L3vvHc0pz6N28yEcnYxtmWMlelg%2BrTVFOwdp5tw%3D%7Ctkp%3ABFBMlrLk7_lj
Apple iPhone XR - 64GB - All Colors - Factory Unlocked - Good Condition,FREE SHIPPING - FREE RETURNS - 60 Day Warranty,$147.01,10% off,Free ,,https://www.ebay.com/itm/335240234966?epid=25023701275&itmmeta=01HZ7FS3381H7T3F3J6MREVQ3P&hash=item4e0de007d6:g:cwUAAOSwYR5lZlNw&itmprp=enc%3AAQAJAAAA0Bd1p0Z92y6%2BK4k0oT25X8zGlcMYvBqxyuIQd7EoacJalwQ4XvtXqYyFmradWTo5%2BND7PabztuEcMXq4UbYs%2FZw0L7z9hx%2B%2FzU2TPux8a7E3HFDnb53HevgtbJHnonjP5kBfk%2FDFN5RqB0OaX3xzs0em17yFLw5b9MjhtwBoYinDP75AkGxrQlTh3tQUSzag8q7efNn%2B7PGEXFY2SJRCqR4Ud3f7k%2Bgh%2FHYCjFiEUNODu1Bbd0g7LFJ4DWd3gUW%2BqebJ2eqa%2FBUgIth1wLF67Mo%3D%7Ctkp%3ABFBMlrLk7_lj
Apple iPhone 12 64/128GB - Fully Unlocked - All colors - Good Condition,Pre-Owned,$215.00 to $313.00,,,,https://www.ebay.com/itm/116076934588?itmmeta=01HZ7FS338G95JVSNEQP6BF8ZT&hash=item1b06b975bc:g:sRIAAOSwY8Bl17Dk&itmprp=enc%3AAQAJAAAA4KK0JDJppL9ZyAF2JeY2%2FtLYQIX%2BxM60q5BYFcf5xztWP2LiWXN5SHJNo1RJGSb0Sy9%2FFXwwTtZFNWe2D322JA0HGXU7X1Qldw%2BtBWl1fhOpQAVMUxzyKduoNTWBGtfUd%2FKa7FtX3L5xJWR2EN%2FHrLSC%2FvEUA2jLIFu5sHoVf%2BoUmbNteP06sYEeW4EJC5gqLQdXcI5O9eYFLqAW%2FOfuPHQVAsuj5TiL5Y6Ab9rJZq%2BWWDo9l6rIo%2FCcuxfR9v6xb1uiNsyjN1vMOLIYyPfnP4Mu7yepfBqPFl1lR8yok1iZ%7Ctkp%3ABFBMlrLk7_lj
Apple iPhone 11 Pro Max A2161 256GB Silver Unlocked iOS Smartphone - EXCELLENT,Pre-Owned · Apple iPhone 11 Pro Max · 256 GB · Unlocked,$390.00,,Free ,,https://www.ebay.com/itm/176398588475?epid=23034220736&itmmeta=01HZ7FS338VX6BK83HQQ0Q08HN&hash=item29122cda3b:g:N5YAAOSwCtlkzUn8&itmprp=enc%3AAQAJAAAA0LRp2q%2Bu4Ib4wL8DAyXCNinkLSm319v3%2BhQPsQ%2B51OpWnisgbJGrSPbWsV2YHHXAfXFD86ZpsJmFMXGujr4cfmVQHPO5AeRcH7Q9VSCYyaKkbPhztXAbKJhkpnCVSwZhf2yCrnQa1M3CkahGdL715Ix67ksYAcTrxAI16K%2FpZDM28Dwrl9ztT3EjcvYwiwsK5q9o%2FtiM2IrMDZehpQWNC31MdqoZhXuQUJHg5mRi8hFQbgSU1%2BwELpv4JnQXRuTBidkxCMxrxOw%2BugwmpGANhsk%3D%7Ctkp%3ABFBMlrLk7_lj
Apple iPhone 14 Plus Smartphone A2632 128GB Unlocked Very Good,1 Year Warranty - FREE Shipping - Trusted Seller,$529.00,41% off,,,https://www.ebay.com/itm/225705120325?epid=23056266593&itmmeta=01HZ7FS338Y2MG4VWVR6CB3Q19&hash=item348d12d245:g:PiMAAOSwXidmKUpn&itmprp=enc%3AAQAJAAAAwFxwyXcngvM2yvDptyWxBFcaeuJCs%2B2PZ6KWZM9oxvuFeHcrQcjYlmrRRXzSHVjhB0FGwrv21yfRZTGYrljO9JAr9Dtlg2MIBx3zT8vqJvNL1ayw6ttVaqw9UdG%2FBrZ%2B1xL1BP09sqcDGxns%2FPl5xYynygBw9Jsk7ef6urvFncenTBUrffLWhSV0cPbBhQ4TjV7TG0XFcmonXweqsNKlmRsv%2B0v33yagExo1BAC24mkIxLzWWGzL%2Ba6pSdtIeczA8w%3D%3D%7Ctkp%3ABk9SR5ay5O_5Yw
Apple iPhone 11 64GB T-Mobile A2111 Good Condition,Pre-Owned,$162.12,5% off,Free ,,https://www.ebay.com/itm/156221229878?epid=13034214301&itmmeta=01HZ7FS3387N8YGXBN7WN5RBB5&hash=item245f82cb36:g:rF8AAOSwZDdmTmI4&itmprp=enc%3AAQAJAAAAwDZ4ZBE0ArnyCm%2F1XlrJdqjPPiumad3pAO9%2FvZhjSJvipLaNyKqVTvpQIRlFuQlvoX7Gnr0BkVd1dOyhILpn5%2FCL1KYFtdbyQmng0CTmwW4aamab%2Fhj0maLxcToplcQeu2HBOzpSwFBaTPn1pfUhXYvEJCsg1jU%2BhkMWg5SxCa7BY0T%2BXk0KFkQPcfjQ%2FGI09DypHWvB1tdyA0a%2FqwFw9gyve%2Fd3I5i536n%2BVbt7qLoXxBkRWU7a%2BhEQsZ3jn708%2FQ%3D%3D%7Ctkp%3ABk9SR5ay5O_5Yw
Apple iPhone 11 | 12 - 64GB | 128GB | 256GB - Unlocked - Moderate Scratches,Good - Refurbished,$415.00,,,,https://www.ebay.com/itm/126503762975?epid=19041715477&itmmeta=01HZ7FS338781Y41BX7QZAPP96&hash=item1d74363c1f:g:AcoAAOSwotJmUMW-&itmprp=enc%3AAQAJAAAAwFFou%2BYvG9wS2RLxeVf7panA9ti0nIRkDd2gsn1dQ6sIi96VRkT8zDkj7yNBNP5jnmNmffmxWmuPQF5Q%2FXXRHl5rnHEH%2Fyj6CaU9T2t4bYBLl0RB0j3E%2BiFY70Pix5fQiz8h4wuE9hpvHnZ5lDzvZ0p9ISY%2F4HPyozfWZnS9%2Bv81KCU41u3ff7wEAFiGKraF0NhlBtMczdq64S9PFW3Xm9UZ483LUb0%2FieKMH0UVc9jnl5ISgf1Yyi7N0kpQPAnDDA%3D%3D%7Ctkp%3ABk9SR5ay5O_5Yw
New ListingApple iPhone XR - 64GB - Black Unlocked A1984 ( MT302LL/A) 94% Battery B114,Pre-Owned · Apple iPhone XR · 64 GB · Unlocked,$159.99,,Free ,,https://www.ebay.com/itm/176402721596?epid=8023710582&itmmeta=01HZ7FS3388HX6AVF3FRKSGPB8&hash=item29126beb3c:g:bIUAAOSwycNmWde6&itmprp=enc%3AAQAJAAAA4KCLobJYHpaI3mkJfGpQ41w1f5Y1NYCQzsccjokz6fm10USFfAoQHmaO1a2re6b2K4JeycQmEu5IP20tIfGzjGKW8SppHhZYH2cEIALZLde%2Fq4MHSc8XUqxVN72ygP1kXmoly3FUu8WVCpIfMk4%2F1PQP0Lt5a5agfPV1Lgg8t5PW2AN6232NLoMkkcjMXkaFCf4WkyqiyTIOJWS%2FZ2UDw%2FcZDcGDBASv36kLshqk%2BtPvHi2KpbL4R0myZ9ddaF3KpPiZN1%2Buas5j9G9G2%2BV%2FgG29Ltg4bRtAkTIR2NbgqEQ9%7Ctkp%3ABk9SR5ay5O_5Yw
Apple iPhone 11 64GB Fully Unlocked GSM/CDMA - Black - Good,Good - Refurbished · Apple iPhone 11 · 64 GB · Unlocked,$194.94,61% off,,,https://www.ebay.com/itm/354276103174?epid=14064992071&itmmeta=01HZ7FS339ZGH6Z3XD2K6Y23C0&hash=item527c805406:g:LeUAAOSwqwpjH4jq&itmprp=enc%3AAQAJAAAA4NO1zv5KhyU4Znp9v1jGfq5ARYwvgfDJ1WxH0%2BQASlOPowMI3bUw7oOD0XdHuVgv5FlaBtoyuh0OfSJhNuoYRUqXmHjZGYGnQusX5jdyzFqmPLwQBQCNZJsBFotKRsteSpm3UVYmpBA%2FulXXaw9hdtGWDj9xQf%2F4kEQjHS6cgU4AWIFzVy6wGLWsTf%2FdJavRG3uYTBvCpazXAnDFyaCEJetwQLw13%2Fvbe7Z6CDh4JbA1PCToJ9uQvQBXY5eH2CTdy0domSqOlSnAVpD6sEIwyv5dG%2FvhTcAFEHl--4uj4eAu%7Ctkp%3ABk9SR5ay5O_5Yw
Apple iPhone 14 A2649 T-Mobile Only 128GB Midnight Good,"Free Shipping, Free 30 Day Returns",$369.99,,Free ,,https://www.ebay.com/itm/175871667578?itmmeta=01HZ7FS339W7FGD9W7M2Y1TZYC&hash=item28f2c4ad7a:g:FakAAOSwX0JmMVd7&itmprp=enc%3AAQAJAAAAwKhP96IaYsPrQXY0ouKwHYT2lsDJJkqPuFAkl%2BJgBhGMQRL8%2BVkmA2Et3%2B92hULRkYpONRDFD8H9vq9x2v%2BO6%2FvL6Cdqq8iK3vbNGoRkg0%2B7zsR8wmahmtOzvs5XyWbut4M6ifHZAitVVHdg3D6pBgb8vQ751MvMU9WQAVmLRbSOj--hWhTDClYn3tRjvQFBUCzV4BpfzxnZuZUx7sO8GhNaunv7xga%2Fm6poF0rrZxQY0fP1Go%2BdHfYNcY%2FNFI6xyw%3D%3D%7Ctkp%3ABk9SR5iy5O_5Yw
Apple iPhone 11 - 64GB - Black (Unlocked) A2111 (CDMA + GSM),Pre-Owned · Apple iPhone 11 · 64 GB · Unlocked,$190.00,,Free ,,https://www.ebay.com/itm/364885877928?epid=14034212885&itmmeta=01HZ7FS3390D6756HBB6FPR1XN&hash=item54f4e4a4a8:g:U4kAAOSwJdhmPhah&itmprp=enc%3AAQAJAAAA0CbIVtXDvUOy5nIwjoFSXAfSCXCgBnSdEpc3U7Q6ct9gmPDdMjV1%2FywSDlvyLxllRhTp6t1fMq8j1KoYq0ijaY0%2F0FRofQcOxA21c5MIzKxkYFHWsGwFRc6NPi8qhrKR%2B%2FZlg5lghyUyBkXFyDEYcBP6%2BmDjwiiAdL9RNBmEUslAEln9lb7gahatCUmOVB0RSe1BN92grTsFE2NMnUmjENgQ%2FVrCj1Ru%2BGaBHPv89jmnvk395sdig%2BzYZsfIXIaaDRbbBqob%2FbUeHGI222kVSYg%3D%7Ctkp%3ABFBMmLLk7_lj
Apple iPhone 12 64GB Unlocked Smartphone,Pre-Owned,$229.99,,,,https://www.ebay.com/itm/196375566616?epid=19065004504&itmmeta=01HZ7FS339VR30134E70T0JBMJ&hash=item2db8e55918:g:fwQAAOSw-sJlfIjz&itmprp=enc%3AAQAJAAAA0LO%2F65Zh3PN5C0FbCI%2BeNvEZ9viD1axBP7Q9ICCt3i8sru8afCpQviDfPDzqfzam7IMXCWBOv7FhNtZsnsT88PIWAqhc0i0hbrtj%2BG8fQCp%2FEWwNrn7tfUO554kq%2FIHlNgH%2FvYIkEPleRlxbpWpkMCjmIYQiE1YHtnizM5Ahe8f296KPDVLQOa%2FvTLZO%2BeS3CdnJ4yLBzeRXlSeT1%2BOsA3uf6%2BpCFHv8rxxyTVc5XXmERjAssLT%2BTLFQTCTN45ToVBJ1Hsxo%2FxQjd7dppmkDOtQ%3D%7Ctkp%3ABFBMmLLk7_lj
New ListingApple iPhone 8 Plus - 256 GB - Black AT&T MQ8W2LL/A 'AS IS',Pre-Owned · Apple iPhone 8 Plus · 256 GB · AT&T,$100.00,,+$6.23 ,,https://www.ebay.com/itm/186468503995?itmmeta=01HZ7FS339T3G72G61G3JMATCD&hash=item2b6a6391bb:g:CAwAAOSwjZxmWNmP&itmprp=enc%3AAQAJAAAAwLXRNnO8Gnpd1iHy77mRqSLX2GU8bdihajdJ1SG96NbefJOSib%2Bh7%2BkOsSc7NEuLKIV7LKzgPYDELclr4Ah4U5zqc3LcF8S%2BbIkRtdmO72LSuejNKe3c2cNgG4xEKMevpISowdagztduUJEcKxY7jCQZfXtBfEeR0ZXJd1ow4c%2FHfwIqCFze4HalCmUAXSVpCMAsxSZU309XIQdzt4RUb7JyHTorPIVcSkhu00k97pi1rLRcpsSImG99h9il7Gi0WA%3D%3D%7Ctkp%3ABk9SR5iy5O_5Yw
New ListingApple iPhone 11 Pro - 256 GB - Green (Unlocked) (Single SIM),Pre-Owned · Apple iPhone 11 Pro · 256 GB · Unlocked,$275.00,,Free ,,https://www.ebay.com/itm/204811349924?epid=26042007475&itmmeta=01HZ7FS339XMVRTBX4C2FMKDB7&hash=item2fafb52fa4:g:c98AAOSw7kFmWdA4&itmprp=enc%3AAQAJAAAA4C401jYnkALVsZTQqceWlJKY%2FSQ5KILG%2BAUsk3%2B7EoLq1ne8MTczxcyxumeos3N5zPQ3zQRHuEZX09y%2FfnLGQEwbcWaf8Hd9iHzIuxa41NPZHcRf1gxfPA0iKRkXblKwFZmRnwdbrn10gZEP246bOznDYqG%2F4RwragJyviIp2Ht0Sm7suZ73Ajndl426U8THR7gCyMBoaDq3ZbZPXPl%2FGYsctbEeGzzXSOF9FxhbRGEyLteRsLfQTReQYCmsgmThGz%2BZbaCxq%2B09VqRMrloQBP4HQMbEONlhBLW95bmRwzMR%7Ctkp%3ABk9SR5iy5O_5Yw
New ListingApple iPhone 11 - 128 GB - Green (AT&T) (Dual SIM),Pre-Owned · Apple iPhone 11 · 128 GB · AT&T,$47.10,,+$6.72 ,,https://www.ebay.com/itm/256529410082?epid=26034221232&itmmeta=01HZ7FS3399R1P5KWV5ARSPC57&hash=item3bba582822:g:WrQAAOSwwRdmP8n-&itmprp=enc%3AAQAJAAAA0Nc5tk78V4Eb%2B1Uv2MPjMMZNv0ymELAr%2BdNz%2FqNdeK%2BQH1LZaHhUoLrmG5GAPvgJfN3h1MpsSh3HT3C6I%2Fe7Efoy65PPCltKqPCVTfb--S9qEhHCnyYg2rNhNTD4TvyQInueE4pASQF%2Bctg5a0XVwNXTOoBFPRSl6SpIIadQXZnbaVT5ZmTpZAJO74G25w7uGkw%2F8AVKie5kuZ3ly3obX2kXUNkiAz7eJO4b4G6LOztPIDlDvZjrDLnXaYzIw3XNr6AyFieX%2FtXf%2FDre%2BKjt2Ms%3D%7Ctkp%3ABk9SR5iy5O_5Yw
Apple iPhone 13 Mini Smartphone A2481 128GB Unlocked Very Good,1 Year Warranty - FREE Shipping - Trusted Seller,$329.99,53% off,,,https://www.ebay.com/itm/226083020531?epid=27049276471&itmmeta=01HZ7FS339QCXXJRYRHZVR2KK2&hash=item34a3991ef3:g:mh0AAOSwYS9mHvie&itmprp=enc%3AAQAJAAAA4P1Dmt8WdMxWX2HZTflVXsmvFp84VoDf1gApXsd87YUGSuBCtmd%2F0QMOa9%2FBbMkiTv51Pm4dgnlJYJfWxUWinfJgzBF4zz35QI%2FfIX9G%2BsB9aRX%2FVoXyRPNrYPbLJVfoPYcAiaL3KKbWPqkrU1WvuNj32sfMEcQM%2F7STisQWuluOnURlAQ1i6FUouB83W%2FCpe6B6nHheQH8S0EjRBpGrr%2B0njiBPoTk%2Bi%2BowXyNZtuu6p%2BTL5umBCJ7KGNbW8J3qc8pOPrb7NkD%2BWxbQfUpKd4tggO9MjoOndSdenNNfSVPj%7Ctkp%3ABk9SR5iy5O_5Yw
Apple iPhone 12 mini A2176 Unlocked 64GB White C,"Free Shipping, Free 30 Day Returns",$179.99,,Free ,,https://www.ebay.com/itm/186046975674?epid=13064995511&itmmeta=01HZ7FS339RH6RGN7127N1Q947&hash=item2b51438eba:g:92IAAOSwOTZmT2zs&itmprp=enc%3AAQAJAAAAwBoJk8H3D25qIT6sg%2B0mtiOhmOTt4VXQdQPcGzdy5%2FRS5zSTPari35mC2E%2BihfSSpk9GbdyhBX%2F4hfMorHQdU5sJRd7tV5QFCwrqYBKUWLRzDPf0DUJFQ04tGn3UN9zHrULB4gfXd6ASCtccIet9oSIp099qsT362RuYS%2FME%2BbhgIcWVMW7ZO3VrEygNE9GORmVmVcxo07BWBE75svjSAFm5WnkBfhUQqkNGpUjTA205Z4B6ViRR%2FR2Faz4MAqfndA%3D%3D%7Ctkp%3ABk9SR5iy5O_5Yw
New ListingiPhone 13 - 128GB - Midnight - Cracked Screen,Pre-Owned,$234.10,,+$16.20 , Canada,https://www.ebay.com/itm/405007855032?epid=5049289956&itmmeta=01HZ7FS339MT8YY3XSJWD0VXHZ&hash=item5e4c596db8:g:npIAAOSwNpZmTjFt&itmprp=enc%3AAQAJAAAA4N1%2FfvLHn385tDHjZfBzrRgglrHCu6ZxpvWQCF6SpS%2Br0AKyH8iofaQ65Fl9OuRLfQOh8xIH1AGWU745JpWg%2FrUE098Nh%2BhMc6TnfncnD%2BxImNIGC0kDWr0LYi5KeS2pFJSXzFV0D0GoWyORWtC%2B%2Fd4fXXinc0TS3LQjEtVBzoGnKKPfMGVHzfbfW5k8pqbSgDjMKWz2aoaF5Lwzork68hWXzS0beCRhdsMb5%2Bw8UDnM%2BB1Rscls00UGnvkzECXsJtCmblAIRGmurQ49cCsawmMSrxi81NSjU%2FJR7wwxLtLu%7Ctkp%3ABk9SR5iy5O_5Yw
New ListingApple iPhone 14 Pro - 128 GB - Silver (T-Mobile) MQ003LL/A - SIM-LOCKED,Parts Only · Apple iPhone 14 Pro · 128 GB · T-Mobile,$449.99,,Free ,,https://www.ebay.com/itm/135083437949?epid=22056258358&itmmeta=01HZ7FS339J3D4S8VB1W0ZZ0AD&hash=item1f7399af7d:g:2OoAAOSwlD1mWctK&itmprp=enc%3AAQAJAAAAwL%2FOdDmqG0a8uyatlbWjrDcWfTvPYaPcBdzk9HMBO4cArVJOIUmpUasUArItcTWPEjCCZjtuZTNP0o9WZCwSc0N1uI4v5tiLuxG3fcBC9GRvKCz4PqzndmDjfnFUkizVvZFGc%2Fs76woMJ2YKE2%2Bx9KCge7uVdERYcL2amDLwHzLXL06zi%2Bgar84EisfWtLnonkQt9CC7ixO3iO9UH8siYi%2BfTVPMe3Hp7wVlGEmKNVFV%2BNQt1ATr3sSO35HaUeMyQw%3D%3D%7Ctkp%3ABk9SR5iy5O_5Yw
Apple iPhone 15 128GB Factory Unlocked AT&T T-Mobile Verizon Excellent Condition,FREE FEDEX 2 DAY - 60 DAY RETURNS - 1 YEAR WARRANTY,$643.95,19% off,,,https://www.ebay.com/itm/296110312917?epid=8062766781&itmmeta=01HZ7FS3396MQKA623DMXFE2NC&hash=item44f18ccdd5:g:I1sAAOSw56NlfGAi&itmprp=enc%3AAQAJAAAA4Dgi6U4efiXb73XjvpFOX%2FCgdq8Qag9nHP0QrgJq9xxfdEcXfoTZX4GCsV7G436gZukdim7r%2F64t%2BSWN4msFaoIwdSVyUZiF3yOfbPlzTdmHGbzoSqY9Sgjuiz%2FxwwD%2Fjohhed1uSEkt8lrn2bqoQuDmARS6jH98q%2BJ%2BLaSxovXbk3yY24IoG2LTw%2FG8Nfw%2BBdA3vUS3zUcQ3q9aMT0yZxAQv%2Fqrh5nlXhzSMQjBD30XNfwHBIf8W1xrCt3aeDScMj5zkCpjPLLOPto2Dm12DQA7Xpf1yZClKmaig%2B%2B%2FmDbm%7Ctkp%3ABk9SR5iy5O_5Yw
New ListingiPhone XR 64GB (AT&T) Fair Condition All Colors,Pre-Owned,$149.99,,Free ,,https://www.ebay.com/itm/116201106724?itmmeta=01HZ7FS339N8Q0QV92M3NJQXS4&hash=item1b0e202d24:g:dxUAAOSwaIdmWdd8&itmprp=enc%3AAQAJAAAA4N8P2wxf0juS%2FcdhqsWMr5JHNb8eBKdN3P2WbKx0Pa3DdTe0I5ZANzi6ygw2fcV%2FlJtVHycTQVY591amIbyqDExtBBF6FiWf0q8v97RQ1hunqck88aE%2FpkuDhPng9Dr2B%2FOLQEQ9Xinl2ghch%2BuoFp370PISRwpdGNnEdgGf75fIOrV5RJmAcSvBNdSNDfJAp%2FRIfqQZnCDAm2fkAOF%2BmszwRtVZFDXu%2BstOt4ralBQoU%2FDCDFCqq20Lshpg%2FPEkBfTq8VfPgQIOX74msWjZRgXYzCzNRGJrNYOd%2By03%2F2fw%7Ctkp%3ABk9SR5iy5O_5Yw
Apple iPhone 13 5G 128GB GSM/CDMA Fully Unlocked - Midnight - Good,Good - Refurbished · Apple iPhone 13 · 128 GB · Unlocked,$329.99,53% off,,,https://www.ebay.com/itm/394656153631?epid=5049289956&itmmeta=01HZ7FS339FXGKPSEXZ2WS315Z&hash=item5be357001f:g:OfQAAOSwbFxkeMto&itmprp=enc%3AAQAJAAAA4CHjk3ljsgPB%2BIrJAn5Iweh2ukniH5VDK6OB0HXkp4DzsIDKQqdai2vI4zT%2FPBMlUzXYU9Bz4qdWIs2AgfwZHVdTHiR2A%2BAmUpQp36aGWXPVYIEY0MWe7IJEGRdrfNjGE03b3T3DE8xkIKp9%2FClqNiqN45k%2BPO%2B5K8z2pkgNhAXKayPOjiEUE%2FZLJb%2BBLLEtCcTKTSayk2ng6szJLRLsy0yHVV0lEvP1T%2BjhmF9M5hyrMOrNfyleb4msLGzb99AcpoZtljnge42A9DGMp%2Bwup7z%2FUiRBBJeeCMHhxpzK92W%2B%7Ctkp%3ABk9SR5iy5O_5Yw
Apple iPhone 13 mini 128GB Factory Unlocked AT&T T-Mobile Verizon Very Good,FREE FEDEX 2 DAY - 60 DAY RETURNS - 1 YEAR WARRANTY,$334.95,52% off,,,https://www.ebay.com/itm/304517572567?epid=2336047363&itmmeta=01HZ7FS339CK2A5DYA4Z5ST3HN&hash=item46e6a967d7:g:mEQAAOSwxbFlDb2R&itmprp=enc%3AAQAJAAAAwFCxx6O%2FWxFDQresLyh%2BOn3YYCD9usUzDD5Tzzn%2FnJ7DIxd9jQZqVJG0%2Bt10VkJAEQZZSdAjZ93Vs%2B%2BrTF4iquAAz1b0UmkmXBExwz7uH%2F3XVRkjqOmng0rvdgAoedrfccNGv4Y0w5kUISjfuV9zYRFcTaHHk%2BQ4qK2YCV5zWBNLCGZrE59pVJnXdIr%2B%2BHER43Q4F6zHWON1%2BEDwF7f3IrLMCUrqECHHtKFIUM9bWacM%2Bld4zkW9%2BY76oWyTqI2bOA%3D%3D%7Ctkp%3ABk9SR5iy5O_5Yw
Apple iPhone 11 - 64GB - Factory Unlocked - Very Good Condition,Free 2-Day Shipping | 1 YEAR WARRANTY| Free Returns,$208.99,,,,https://www.ebay.com/itm/144195214173?epid=17035818063&itmmeta=01HZ7FS3397ZXDKMM9Z4ZHDVJC&hash=item2192b45b5d:g:N0MAAOSw9JVhO7M9&itmprp=enc%3AAQAJAAAA4K9P5sW4iVpzxheN%2B4WEcS%2BZg%2B2KaBEobcVcgVu9eROKRZ%2FJEh2YjIE8iLccVbtHw1wBM8ZZqzXKj81yXN7GawGdxDyLixs0Q4lvHvAD8%2FFeT58zp6eezoqI0EJvnuycVNUGNrRMlUu3FyaJ6ljCeiP4Dl4xJDrT1eLiCBx2Yc2MppnunYaEUNYP6f0IK0vExvYU8MAXp6hs9F3uuvo9e2ZIJ9HpzKXZ06aetcCBNptN4%2F9XgAK6NONxWVUgeFriCuCfzY6U5gm5R64jfpsZJRSEV%2FVDSpjMVqv7EcUl1NwP%7Ctkp%3ABk9SR5iy5O_5Yw
New ListingApple iPhone 13 Pro Max - 128 GB - Green - DOA NO POWER Crack Back Check ESN,Parts Only · Apple iPhone 13 Pro Max · 128 GB,$135.88,,+$8.30 ,,https://www.ebay.com/itm/276489101375?itmmeta=01HZ7FS339RG2PJTVP8DKHD3WS&hash=item406008e03f:g:MVsAAOSw9NhmWce4&itmprp=enc%3AAQAJAAAAwF7Kn7ngjjnbECqt609bzd3s0UzGwkQzwXjx6Q86TiZYNAjcoqHB9UH%2FE50aZjTtf4t50XzlnR9xVKJCeaXM8ePzUDqwXGaLGDRgWv45PvH%2Fo9rzZ9urczqcgOrLLKAmXmiK51QB0fi1p1DXClccVxnvOsCd3Sotd6YT8aZwjOLDopkTJkNsBZgTW5SKRulA5bM1cJKrh8ta6lmLflDBge5m997EKNYHmqCTGrRjNylriViiXHdHaC%2BXqUP6pgsG0Q%3D%3D%7Ctkp%3ABk9SR5iy5O_5Yw
Apple iPhone 12 Pro Max 5G 128GB Factory Unlocked CDMA + GSM - EXCELLENT,UNLOCKED - 1 YEAR WARRANTY - DUAL SIM - FREE SHIPPING,$464.48,,Free ,,https://www.ebay.com/itm/126285256277?epid=5065011535&itmmeta=01HZ7FS339MGT7YPAGA2TGWPBC&hash=item1d67301655:g:uAkAAOSwDtFlx-LU&itmprp=enc%3AAQAJAAAAwAOhsVD1%2BjUwhB0TzVp4tbF4Kptf1suZtpq9agGYtKKRCjNLSLrM5wjUvCSBOqcK1b%2BoSzTJb%2F0ynpz7YICUl6CC1xVP6jBmSshxI%2FPcUIkuNKb%2Fl5xUAmAZTxhGimFBtp%2Bo%2BF8wAS4avJtRhoeeoAncctzZvO1%2F2Lu8rsGv2u1SM6ddFaEPVUKi4DOmKKWG8IW3A4ke0rzwN3eoKjVMrb98pYI%2FP5SpeVIaNG3srllxR8fS9Dwts4LTqlMwnlOUtA%3D%3D%7Ctkp%3ABk9SR5iy5O_5Yw
Apple iPhone 11 - 64GB - Fully Unlocked - (GSM+CDMA) - EXCELLENT Condition,Excellent - Refurbished,$217.99,,,,https://www.ebay.com/itm/325870749413?epid=17035818063&itmmeta=01HZ7FS339HFQ8A4E8CB4XCZ2R&hash=item4bdf6906e5:g:pCsAAOSwNBNlQnYu&itmprp=enc%3AAQAJAAAA4Ob3ga%2FpnJ5N9dNnQ0k%2FDHGl10d6ivYjK5KEmNRZCv7%2B0p2T%2BokLWNiRwDjDUPpqkXGmnuRbJ5fgcc3tj4jfcW18pM%2BhzqzxpAfq9mKYRbjQqzBkJ6RyzZVtIJd%2FEtbvRprEeP0uB3S3x5Su1WoztzkLdVHMdjC27wUcFDcN2kIjXs8TMHrBRyVPTNSR9p2%2FFvzSdehFnOYKK%2BhpaTyPE56pDOTCn0VAY8QYHw2d3H%2FILQby%2BHz5%2F9c8R%2FvKBWpM3uhsfLGDvdIV3O6IrwP4OjHJMPHdwG1cHV6dh9%2Bb5MzS%7Ctkp%3ABk9SR5qy5O_5Yw
Apple iPhone 13 Pro 128GB Unlocked AT&T T-Mobile Verizon Very Good Condition,FREE FEDEX 2 DAY - 60 DAY RETURNS - 1 YEAR WARRANTY,$474.95,52% off,,,https://www.ebay.com/itm/295217227352?epid=17052769679&itmmeta=01HZ7FS339XX7Y8GCGRX53MKJ6&hash=item44bc516658:g:33UAAOSwfAFlDb7l&itmprp=enc%3AAQAJAAAA4JswrvLqMIeEVKkXnP1TRmVLDfx2QDm%2BSbOonliVYy%2B4zrtDkcCRqYqD2nbvKChzv8xVXTaIKnZ25l%2Bo4dzzBCCfAWbGQjiI168OzAOKcBdRmaUrUUjoVKy%2FvcOGQxfanhSED%2B3dQ9bLsEl1uEcjnoburvdZgwHFLL%2BC2ML1pKbfvojDpHzxroMFasaI6SrWLQWXit07s6UJWcttHlkeBVYVdQ9Bt3dw3t2og09J8VmQZOBsquzH8cZbx6LbArj6uzKCOTfUjX3%2BqNnQuFFX3%2BfmvvhN9G2PKuQoJXABwbWt%7Ctkp%3ABk9SR5qy5O_5Yw
Apple iPhone 12 Pro 256GB Unlocked AT&T T-Mobile Verizon Very Good Condition,FREE FEDEX 2 DAY - 60 DAY RETURNS - 1 YEAR WARRANTY,$356.95,68% off,,,https://www.ebay.com/itm/304104247802?epid=23041723821&itmmeta=01HZ7FS339S5CYXTP7VC77FKZM&hash=item46ce0691fa:g:TuoAAOSwGvplDbt8&itmprp=enc%3AAQAJAAAAwNSRbhLmydm4nE2Ois2OgZJ--KcTJjuhFVfwsHiAB2LN0Y2kX%2Bj2eaNWYyjDPizs%2FRbib7%2F6MzpPPg2n5iBW%2FWP6XIgqIHt2WCbDzA9bUwOpiAdBqmEjgTPo%2BN6X4UXbLmSg3SgrSEqeAZJZhQd13WJaZiD0NsbTQwfb9GSOAQU2XoRVidDJoOkTLTuqFgK7cHsir3tLx5CSMFhEg0a405kHboV%2F6R8WzsbIBfc9PjMPHDHe0uau1%2BamFJCoBW11lg%3D%3D%7Ctkp%3ABk9SR5qy5O_5Yw
Apple iPhone 12 - 64-128GB - Fully Unlocked - (CDMA+GSM) - EXCELLENT Condition,Pre-Owned,$219.00 to $326.00,,,,https://www.ebay.com/itm/116092158333?itmmeta=01HZ7FS339KF9ERG87SV0BTFKA&hash=item1b07a1c17d:g:eVIAAOSw~hhl5tZE&itmprp=enc%3AAQAJAAAAwOjJlsoFMOUnxxF%2FH2DkOLsX01JA8dqTKqzMVo0fCw3StUlCcXOgPa5ERZp7FwNZ6hR8iNWoVdegJ8jttGuyYiIplXx2EzYdMThJ4hHvLrD5EHdam1cR0nUx14skJGgZ8ArO0JSW%2BdKhysLqnm%2BoUdAgjqRnj2yZH08hOdM%2BBoYiqZovRFf7v35t2LjQ8VmtHyGSLrhhLcFWa6p3ZhIOcroikrVxCUaNfE3KNhjZWjTouzowA5FDTGIkk62bdtf4Ew%3D%3D%7Ctkp%3ABk9SR5qy5O_5Yw
Apple iPhone 11 Pro - (Unlocked) - 256GB - A2160 - Excellent,FULLY UNLOCKED,$284.00,,,,https://www.ebay.com/itm/364837144481?itmmeta=01HZ7FS3397EW4MFVWRCF2KS8A&hash=item54f1fd07a1:g:IkMAAOSwgmBknPSk&itmprp=enc%3AAQAJAAAA0G9vrM%2FkIlPqQvTucADdShr6G06QsIp4Wtmg9tNnr92kUbmCo8X1IdZ%2FaQMkDj2YH%2FR9W8Rtz6IGil4HkpxvsgXYger15U8AMzZYrrI2aKY8dizRX9Kf2LNklLipWtEpNjZZ3Iya0ZWxta%2FJmoBf%2BYFAr%2FpeO78k2QsKe8rU2DEHHEk0OL%2FPaW0erT%2B2UrA%2BNTu068dM117UYw8JS6OFv16dCNGcIC84L%2BkrM3Ns0bS%2FIULBkXCQFxafkgryHXYcN7V9VNzz21czujhZ4cCrhwc%3D%7Ctkp%3ABFBMmrLk7_lj
Apple iPhone X XR XS XS Max 64GB 128GB 256GB - Unlocked Verizon AT&T T-Mobile,Very Good - Refurbished,$169.95 to $309.95,,Free ,,https://www.ebay.com/itm/276357441149?itmmeta=01HZ7FS339V6V9A70P2SFCZYWE&hash=item40582fe67d:g:IkkAAOSwTjVl34~g&itmprp=enc%3AAQAJAAAA4BFJK8e4aiyKWz92SvNYql%2Bi95oBTU1dKGWmW%2BaLn4JKR2Abo2621P7yFvKGmLjsRdBWaaj7Ch5yNz1r%2BHT4rs0LMbjGBy5dhoY1MhIobm%2BukJPuV3K1Z%2BDTP73j%2FEYMhSzBHV%2Bq1dkY54NspNgB4UEA9yndZZUvrNNYmqRCHqC4I2RUEVN0wv0StZYHlU98ozMD58qbruWYIsFyAuR%2By7wXaovsEgdgQjGw0l9z41pcCKdaYYANTTBbr8SKOdToQNWV%2FK5zj1oSG1zm3sNmLe5NuSL%2BR1mWqp8cWKuxSbKY%7Ctkp%3ABFBMmrLk7_lj
Shop on eBay,Brand New,$20.00,,,,https://ebay.com/itm/123456?itmmeta=012DEW30YG0MEEKND7NH&hash=item123546:g:acwAA9KNiJowH:sc:ShippingMethodStandard!95008!US!-1&itmprp=enc%3AbgepL1tlUHjMGCVfSTGJh%2BzsVKeJ3CQk7NizDI4BZeppuFnmyS6Ijyp8lh%2FnEw%2BWqO7uTV1Q6izE1R0T54aV8j71F4xlWfVcGft4%2FiOQhtqVXA1rW6M1atPARQRmhqUxtEPJKhKtSFgI%2Bvwlzb0GwVCtkp%3ABlBMUObkmabpYw
Shop on eBay,Brand New,$20.00,,,,https://ebay.com/itm/123456?itmmeta=012DEW30YG0MEEKND7NH&hash=item123546:g:acwAA9KNiJowH:sc:ShippingMethodStandard!95008!US!-1&itmprp=enc%3AbgepL1tlUHjMGCVfSTGJh%2BzsVKeJ3CQk7NizDI4BZeppuFnmyS6Ijyp8lh%2FnEw%2BWqO7uTV1Q6izE1R0T54aV8j71F4xlWfVcGft4%2FiOQhtqVXA1rW6M1atPARQRmhqUxtEPJKhKtSFgI%2Bvwlzb0GwVCtkp%3ABlBMUObkmabpYw
Apple iPhone 11 Pro - (Unlocked) - 256GB - A2160 - Excellent,FULLY UNLOCKED,$284.00,,,,https://www.ebay.com/itm/364837144481?itmmeta=01HZ7FS51WZ01Z81QYJS8FFCSW&hash=item54f1fd07a1:g:IkMAAOSwgmBknPSk&itmprp=enc%3AAQAJAAAA0G9vrM%2FkIlPqQvTucADdShr6G06QsIp4Wtmg9tNnr92kUbmCo8X1IdZ%2FaQMkDj2YH%2FR9W8Rtz6IGil4HkpxvsgXYger15U8AMzZYrrI2aKY8dizRX9Kf2LNklLipWtEpNuE5ykq3%2BUfN4HJ%2BfxEJgEIVn8oTJUwgywFMw11Aksmq69YR%2BcijGni0DUwgLNqPhoENNZmpAU5VIu7dIl54JZ1le1SFjGIMSEsj70fMXzS7tfaX6bwchfG9IhVnyd%2FSvTSlzp6%2BLKm5LYJe1oPubVc%3D%7Ctkp%3ABFBMhNHk7_lj
Apple iPhone 12 128/64GB - Fully Unlocked - All colors - Used Condition,Pre-Owned,$221.00 to $319.00,,,,https://www.ebay.com/itm/116069514994?itmmeta=01HZ7FS51WRS16AB77EPP1BNHB&hash=item1b06483ef2:g:rDQAAOSw0sVlzgGC&itmprp=enc%3AAQAJAAAA4KSdO%2Fjl7BN7RZqd8t%2BkUEuK9co92ToIDEJUbZVkD1dumOjGcrRihiUX4iafmLGFnJN10Y96D2olFJEftVsCAhAmGwRWM%2BenBg%2B9ngTx%2B50JVIvaLdZBpe1Y8V3ckby%2FVhSvx0vJyIU1LXXJdg%2F8Pq6Vf97OCLu1QkzN5vpqBODxkDudrpiBtkvVvB1tD5NEt%2BChFrcRM81TzcDCwLqpepqOs%2B9%2BWzM2s8mEzXxukl8B874%2B1V3Hl6shreys3OvuhDNYYQ%2BoHQtuJksd4iU9aub0Wmeyzvr%2B4OV8wIjgZj8c%7Ctkp%3ABFBMhNHk7_lj
Apple iPhone 11 - 64GB - Black (Unlocked) A2111 (CDMA + GSM),Pre-Owned · Apple iPhone 11 · 64 GB · Unlocked,$190.00,,Free ,,https://www.ebay.com/itm/364885877928?epid=14034212885&itmmeta=01HZ7FS51WC5JY7KZFFQA43E47&hash=item54f4e4a4a8:g:U4kAAOSwJdhmPhah&itmprp=enc%3AAQAJAAAA0CbIVtXDvUOy5nIwjoFSXAfSCXCgBnSdEpc3U7Q6ct9gmPDdMjV1%2FywSDlvyLxllRhTp6t1fMq8j1KoYq0ijaY0%2F0FRofQcOxA21c5MIzKxkYFHWsGwFRc6NPi8qhrKR%2B4w9GSILtTFBwx6d6FuBdDWETA2GfS%2F2eEmpNVveKfbcnHHDF8Wo9ZSGzCc4UpiYhS%2FER067CYyQGWdy8XKvryxat0uFfBXruUTpIYJ0xF6Ni7sz2F2We4dm3Dwovk8QUJf6JOhGzKh9VF29vSAWYM0%3D%7Ctkp%3ABFBMhNHk7_lj
Apple iPhone XR 256GB Factory Unlocked AT&T T-Mobile Verizon Good Condition,FREE FEDEX 2 DAY - 60 DAY RETURNS - 1 YEAR WARRANTY,$179.95,80% off,,,https://www.ebay.com/itm/294291223181?epid=22034747823&itmmeta=01HZ7FS51WQ1RZXHSCRZEHG3ZN&hash=item44851fb28d:g:1LgAAOSw3zRlAHfL&itmprp=enc%3AAQAJAAAAwIcijoGPrY2sI4AQ2jNPRCoD6xnAJzxp%2Fovq6fOTjFjt859J30PVcvvbO6SoF%2F07YgMrSVhSHlmoJ4OUIrBlRrUj42pBFR6YWr94FAbN75UOBtkKEXoiYDTCzBN6wxqSHId0qray9aLF2XLE5yf1YPUuE2RXuCz9pYpTalPAv%2BrkcViWV3TME7%2B%2B852f%2F7qC1xj8Un38LcmgIXuxFQIaIgeiUGPef6H1kgC5D4IO3C%2Bmh%2Fu7b2KLSI7fN6gaLCM5yw%3D%3D%7Ctkp%3ABlBMUITR5O_5Yw
Apple iPhone 11 - 64GB | 128GB (Unlocked) A2111 (CDMA + GSM) Smartphone,Open Box,$179.95 to $224.95,,Free ,,https://www.ebay.com/itm/266663137484?epid=18045314698&itmmeta=01HZ7FS51WKD8V29HRPP59QE2F&hash=item3e165c90cc:g:nPEAAOSwV5BljcOD&itmprp=enc%3AAQAJAAAA4OYQ4JH8UxhnmY4%2FRRhNWQpT%2F8ZTTE40uG%2FjdWkGFIUdeIRDi9y4qX4oPz7TI38%2Fmo%2BQNIQleBKFAYfAxnlS3OsowfdzHEDQgtvwT7CNOrPmkYQKl3mnqXM8DJfxs1mp1epgbQTHZIkVbA3dh8t%2BJZ8vpK6LbO4R%2B6LB0rufBfoH78Gj2PsKQqob9Y%2BymlA17UlXe6OMm%2F9wJFQtS0CdUvzSiXghg5BQjR1e6iSwEbuhQFjTzeK1jjfhXmkCAP1S7Ys9wvcHG3vKPNnaZceQApQne8EjPO1Njitr3mvsRcfg%7Ctkp%3ABk9SR4bR5O_5Yw
Apple iPhone 12 Mini 64GB 128GB 256GB FULLY UNLOCKED,Pre-Owned,$199.00 to $219.00,,,,https://www.ebay.com/itm/404621116081?epid=5051030198&itmmeta=01HZ7FS51WF9T1DFWE1N1RWZS6&hash=item5e354c42b1:g:IvIAAOSwL0piWG-p&itmprp=enc%3AAQAJAAAAwNRifBvzgnLrHZtShph8FqCi3Xwz7f2FvSxN6BJy2B9%2FtEWyr6Ii2ZW4diBqe%2F6wxsGYeZpDj9eFWNWSJnA60SkGrj9I5QDZmsWumHcl4XDO5GHA5pxKR6NiYxRJoyyXd9EzqZBbVaO67my4rS9c0HVZ6IOMi69hpKwNipvjxC%2FPACMBBQJOPkq2GeOCN0koJLQzA%2Fo%2BP3lBwiWuI5Ev7wwErzjCqrUbM5qYODuT8DO13j4tpN1lFxrDOabbQnY9pg%3D%3D%7Ctkp%3ABk9SR4bR5O_5Yw
New ListingiPhone 13 - 128GB - Midnight - Cracked Screen,Pre-Owned,$234.10,,+$16.20 , Canada,https://www.ebay.com/itm/405007855032?epid=5049289956&itmmeta=01HZ7FS51WBKXYRH3AWJWQXQCC&hash=item5e4c596db8:g:npIAAOSwNpZmTjFt&itmprp=enc%3AAQAJAAAAwFZdZcxmZnqI5yA7ESkaN%2BAyXjdqRSwUGkbPOCI2KtgIuBn5ei3VVe1Rn4D32LI2vbnZkRdsm%2BPUMZkilEBx62vo7OrvbWjE%2BAxdGLFLX%2F42T2qJ9ijBVCUsSafBlmam79O5CtZXP1zlQh0j7zShJQ%2BAZbLsHZURNM8aMsVGcSkbiKpE5bj5ay3oHZkH2Ztcu%2By%2FUNmJ2G94u82vKX1fiUtjaNmdH8trFQWZTNQoev78KoG0WJ0OMnGyaIkfHhcwLg%3D%3D%7Ctkp%3ABk9SR4bR5O_5Yw
New ListingApple iPhone XR A1984 MT3K2LL/A 64GB 17.2.1 Unlocked Black Used,Pre-Owned,$149.99,,Free ,,https://www.ebay.com/itm/395439924598?epid=0&itmmeta=01HZ7FS51XQ1C2HW3A5JPM9Z9Q&hash=item5c120e6576:g:BMkAAOSw28RmWdDv&itmprp=enc%3AAQAJAAAA4N%2FBJX%2Fpk8UaHC103z5rs6%2Bk5HA7T3QC2E0%2FpxyxdnyaQY4Cyp3OxiHRwJfXsgyTjH394HrIFkMqXDVevJv34d78c4aUc5fezNXk5B1Pc3lMajNOvkXIMEQR9FR61KFILqwJqsHdbMALXZiKnGG%2B1CB4%2B%2B2T5MnrSKXnma1rT5pB7CzRI2ouarM5u1nAVsE4h4FNd0ESdNiqp9WwE3uqRiO2o0eZJvWZMiVDs2rdygY924BtOYPNEAuxq%2Bvf7lgIASwKLZhbpAytYshlVTyWlqOxnFS8cZz0WLkvFYEl6wcG%7Ctkp%3ABk9SR4bR5O_5Yw
Apple iPhone 11 - 64GB Boost Mobile Locked - Very Good Condition,Free 2-Day Shipping | 1 YEAR WARRANTY| Free Returns,$169.00,,,,https://www.ebay.com/itm/145799627408?epid=28034634216&itmmeta=01HZ7FS51XN5E37VT54RQN5WSK&hash=item21f255c290:g:N0MAAOSw9JVhO7M9&itmprp=enc%3AAQAJAAAA4EzuWSS8y0u%2BGrI%2F0jO7Ok7TxkqkoUdd4zEoD1aAhMLrZT6n5uIpos43uDduirTAtNcDWGllG7KTMKhtzVwFVZiLvvjIQezbO4PQ5AZSkSuy%2FhL8xAIIFRpv19DOxBpf5LR8rjGgY%2FWXf00tUuv8HRdZjqQB230CYfckYTn8dO8RxWI0dkMr1RE8%2FNOh0O2az%2F5RWOx28ROaSkPbsgXiIBU4M%2BSZrS444Tj%2FNJGBRt%2BVczn4OpkgmeX4Lg3OB3bETP1cQdYRr1mKv76M3GAxcXsVUFfQgXOLxBsT7y%2BcVe4u%7Ctkp%3ABk9SR4bR5O_5Yw
Apple iPhone 7 | 7+ Plus 32GB 128GB 256GB Unlocked Verizon AT&T T-Mobile - Good!,Very Good - Refurbished,$79.95 to $169.95,,Free ,,https://www.ebay.com/itm/276339270364?epid=15051465978&itmmeta=01HZ7FS51XQJEK5KF8BW3R6A1B&hash=item40571aa2dc:g:p38AAOSw899lz7yz&itmprp=enc%3AAQAJAAAA4NKgQpvdDOGHwRxT96D1EPXoYOHDLhequLDQ%2FiMuecNdiYomtAeRHivLPAe0t2Ky87vqi2DMb9uyS110jaP6Z1Y7G492jKTZkkAGmZlgk59TW94w3ohGbdJGpWi7E4HJECZhFR7cdCF%2F2vcv3mKxVhWds9rEycc0UvXk1r%2BaDfaVKROiJ%2BGQW0UgQxJP9fVjPjzC3ku30a6ft8nxxaPlykt0KLDMICz2zMSKrGh4RLVEkOxxr49wJZul7EfE16EF6FdHqWSKCAJo6ID3i38srCROWtFmENGTlok%2BShApksFP%7Ctkp%3ABk9SR4bR5O_5Yw
New ListingApple iPhone 6s - 64GB - Rose Gold (Verizon) A1688 (CDMA + GSM),Pre-Owned · Apple iPhone 6s · 64 GB · Verizon,$39.99,,+$7.99 ,,https://www.ebay.com/itm/296469969206?epid=216192332&itmmeta=01HZ7FS51X3A2NP2VHQYC90R35&hash=item4506fcb936:g:WOUAAOSwiCpmWTA2&itmprp=enc%3AAQAJAAAA4HJmAwblG%2FP0nu5mUQG4m5JY0AihEtnStQ%2FD0K3R4s0WhpnbNjVX5YHfbKdUw1KubPwLKmgvSMBpC8m0z5ClKMgH9YZZKuOI%2FhAYiQ6t1nr10%2Fe7mvCF5Kwmmqwie%2Fge8%2Fy5Usk2KutjdWkpxt4CZQiaQKS88QJu0tt4MjeSw031gaGkRLSGGcuCTKr4GfT04qO%2BZqtlw6wKP6yJKebHGi%2F4QSWjDTbH7egQEOgTSQ7IU%2BrFfWt1l4ve5inFEObBqk287xqoaFQv8d5mZpt8dbvHo8q2qYA%2F6VPai%2FysTfdM%7Ctkp%3ABk9SR4bR5O_5Yw
Apple iPhone 11 Pro 64GB Unlocked AT&T T-Mobile Verizon Very Good Condition,FREE FEDEX 2 DAY - 60 DAY RETURNS - 1 YEAR WARRANTY,$257.95,74% off,,,https://www.ebay.com/itm/304087129567?epid=25042182413&itmmeta=01HZ7FS51XPP7D3901X8GQVJD6&hash=item46cd015ddf:g:13wAAOSwan5k5if4&itmprp=enc%3AAQAJAAAA4AnunxcYPOjyKvo1ndyuf4YOO9mu9PkTUYQToDk6qCwH%2FJYLTzKhZCr1JFFkVu8WQcFfbvugYuT6usb6ySr7zshTszV8wO1frPyfbj5cAiF9leEx5IlfZ%2BXeWkTztbhM4tjWK5Xb7V71p9%2B1MHiwgaUVx06KxpmNSpb1Yvmeil%2BP0dx5JPbHW%2Bls%2Fa7o5BKt1UV8ETMZWXHhLpJqCB9DcuX4PUhDVsfqAI8276jRYu1H%2B%2BgEr1dMSzGOi6Mo3uYCBnCfriOJNYsqmLhOzbn7S79Gmwss7F8%2FabyCyL29Z2H1%7Ctkp%3ABk9SR4bR5O_5Yw
Apple iPhone XR | 128 Gb | Unlocked | C Grade | See description..,Pre-Owned · Apple iPhone XR · 128 GB · Unlocked,$119.99,,Free ,,https://www.ebay.com/itm/296446905957?epid=24023698450&itmmeta=01HZ7FS51X791X8CNDC9V85J9S&hash=item45059cce65:g:N0UAAOSw~XpmRhGn&itmprp=enc%3AAQAJAAAA0MHqaKGokzPIg5KptIbRN6ogpoh6hvYDD8wX8ehUNERW%2FmGRzlgssKKJKOJRXRf1tG2P58skFpZh%2BkrcRSzQPaL97GWEI12EKeaez7cU2E93t8lDzgZoDRU8tMa3hBJLyzbVorMbY0jcS0287QiUwP2S7uR%2BIgJhE2jvwMAnY%2FeUpTeY1cQ2ZdrnnpbIff5woti%2Bmuq91ks5GTAekgoZuxIwIf1mjzbj%2BiRfmGbjLBEl28OJfWtKPIFoIf1Imfy2iVCxaL5O9aSzmdvbPyp3FBs%3D%7Ctkp%3ABFBMhtHk7_lj
Apple iPhone 8 | 8+ Plus 64GB 128GB 256GB Unlocked AT&T T-Mobile Verizon - Good,Good - Refurbished,$109.95 to $219.95,,Free ,,https://www.ebay.com/itm/186311167457?epid=3030787443&itmmeta=01HZ7FS51X6H83BR2T852AVYCE&hash=item2b6102cde1:g:K3UAAOSwrkll137y&itmprp=enc%3AAQAJAAAA4HTnWS%2BumSoNJ5MyWKMbs2n7SGLITrWlKB5NlIH12pTDBqqvVQ%2FR9VP1NF89ZOFHJweSQHh6JbpJI8wFwWc4CvKXf4DQ%2FU7gKO8rhiSaFuSpjEFaCyvLBY14CnUv2j3Eu7AbtInMucj8qt8saO2%2FBLQW52ttF73Kr6gPM4lFAte2rxDUsxzrdpyw%2BKZll4TQG%2Bt%2Bs%2F4i8fdo8aW%2BJhbPsgqh%2BLuY3VR%2FQdqpYXAo2DgTXIYkUwazA17wO2Ubt8L5NdV4vq1xdq8eDko9ZIl8nPysvvJkqF5HsScpisCyEWnN%7Ctkp%3ABFBMhtHk7_lj
Apple iPhone 12 - 128GB - Factory Unlocked - All Colors - Good,Good - Refurbished,$289.85,,,,https://www.ebay.com/itm/204531323751?epid=16041710007&itmmeta=01HZ7FS51X4WXGYX9WDV11XJGE&hash=item2f9f045367:g:xAMAAOSw6O9lpaCv&itmprp=enc%3AAQAJAAAA4GdNWG2Ehx5%2BCuEYCJ4S1WPIykARLYZyF0iXL%2B7sklFgFs%2BYvg1E%2FUEsKmujjDpX3uQP6Qb83TtvoKkw7rMDlzB29V4WVN%2FPj%2F5df0P1%2FQHltMC3Azspc3BsbZjC%2F0TkFnKE8Kbq2o5lnaqWa5gfoqgu%2BU%2BvFJWRV2adJBAONNH6lCJGGd7dF3nWJR0DU1f007sZ8o3wUT6QQ62kSbHdu2F13eE8Fz5SPiExcY1t5AM1t%2FwM4g8uQ8HXKUMpUpwHhhvjKmwjVOdPtoOLLYylmrhKnMEKT3KEA6c3%2Fk9gZZt%2F%7Ctkp%3ABFBMhtHk7_lj
Apple iPhone XS 64GB 256GB Unlocked Very Good Condition - All Colors,Pre-Owned,$169.00 to $214.00,,,,https://www.ebay.com/itm/116084158837?epid=18057645393&itmmeta=01HZ7FS51XMSWBE0KZW9ET9DKC&hash=item1b0727b175:g:S8sAAOSwY2hl3yzY&itmprp=enc%3AAQAJAAAA4Ojuhl%2FEHJ7S2gadfBVaCrDwEHXvbQFzV1NKVqTPT35vhYeclS4O5aZ4xZ3qHsWAVhpxtMhyHlDA1Lb8Hyf0YcLlYPvg3XXQEVbPZlY%2F7loHICr5%2B43a48Kwn5zTXHP5nkF3LsC8JquJllroyYeGaZircaQCEbIwmt2tfLMN6BugCu2KRAvQKvW8itfDmo7UPcRGEc87v0Vgv652%2F8K0IlujDnvdIdrpFKBZ%2BwR6sHnWsP28FFj%2Bfqrx9H6f4qT28t5nIVRg%2Fo7otFEQuej5XKAQlr8ppQB%2B6QeBgjreFia2%7Ctkp%3ABFBMhtHk7_lj
Apple iPhone 13 128GB Unlocked Smartphone - Excellent,FREE 2DAY SHIPPING-60DAY RETURNS-1YR ALLSTATE WARRANTY,$387.95,44% off,,,https://www.ebay.com/itm/404240045218?epid=4056433567&itmmeta=01HZ7FS51XQ32YM8B9RJX0QG0A&hash=item5e1e9594a2:g:~z8AAOSwVZxkNGTt&itmprp=enc%3AAQAJAAAAwIXSOps25KKG5dPRmlBY7CMMV1%2BidNW%2FfYrX7ikeaDIAnUaVUsz72rFnpJy53erDppZm8KzJeXGKLNoxReZgpCDF6RcxLOyNb0JiE1Tp%2FZMfjQfXzNqktMXlJzCRgyCsB8ZdvIXiLITErLTH7DX3mFgmRDL6TRd3gpSKieFHYjwJ2X2Sk%2FEBh7ejqxCXA7ec23vTzlxBADgCqWCZ%2FMwx57RLyjFx55EqGhtvlKSudbsh1fSwEfEqlcymQ7xl1IM%2BXg%3D%3D%7Ctkp%3ABk9SR4bR5O_5Yw
Apple iPhone 11 - 64GB - Fully Unlocked - (GSM+CDMA) - EXCELLENT Condition,Excellent - Refurbished,$217.99,,,,https://www.ebay.com/itm/325870749413?epid=17035818063&itmmeta=01HZ7FS51X0A63ZMSDF85YPSJM&hash=item4bdf6906e5:g:pCsAAOSwNBNlQnYu&itmprp=enc%3AAQAJAAAA4Ob3ga%2FpnJ5N9dNnQ0k%2FDHGl10d6ivYjK5KEmNRZCv7%2B0p2T%2BokLWNiRwDjDUPpqkXGmnuRbJ5fgcc3tj4jfcW18pM%2BhzqzxpAfq9mKYRbjQqzBkJ6RyzZVtIJd%2FEtbvRkfoiLNXytjq8ZqbqYEUrboJYPgcDVOX913w1M1QlQxGBEgoYlQtEF06C0%2Fh9apS%2Bj%2FAhT4llWmmU%2F8UiO7%2B%2FOo33NabvpfRh0KyiYDgr7V6fGWELJC6CKhcgb6kVne1Q57xadp2q2LLYY79%2BuN0Y%2BkPjn346h1RkhOKNjNxg3Op%7Ctkp%3ABk9SR4jR5O_5Yw
New ListingApple iPhone 11 Pro Max - 512GB - Midnight Green,Pre-Owned · Apple iPhone 11 Pro Max · 512 GB · T-Mobile,$399.95,,+$15.00 ,,https://www.ebay.com/itm/256529357607?epid=3034222761&itmmeta=01HZ7FS51X6C3QPQ7Z8Y74MARV&hash=item3bba575b27:g:DhsAAOSwLe5mWclf&itmprp=enc%3AAQAJAAAA4Bzv1%2FIf%2FP5K4b266ydjK66J4TEry3fE8ZW9OSDVyN4BJy342dcw2BKr1FU0%2BcyGnoc6P%2BD3cPz4yvqX192KhU0WYuQZd21EaxPn5xz7kg8uBM5M060F9pOk%2BWkXSHOZbEOkh8QEVpaF5KcHqk%2B03ydX07Z3YAabUCdLvCx6GzYbh9JaB9H0DCsk5Q3rsbKNMxu5Fz%2Bm%2BFj1R0PTaMrHDsbHwFGw%2FtLe1RUqrq27qKS8q6fP1iibJNTMxNjjDH%2Bhhbh7wWfJ1qKGVOOfecS4hOnJ2r1kvAlvIJlM9YuC%2F6jQ%7Ctkp%3ABk9SR4jR5O_5Yw
Apple iPhone 12 Pro 256GB Unlocked AT&T T-Mobile Verizon Very Good Condition,FREE FEDEX 2 DAY - 60 DAY RETURNS - 1 YEAR WARRANTY,$356.95,68% off,,,https://www.ebay.com/itm/304104247802?epid=23041723821&itmmeta=01HZ7FS51XJB33KEEXFZYKA970&hash=item46ce0691fa:g:TuoAAOSwGvplDbt8&itmprp=enc%3AAQAJAAAA4KiYnJNRzf1oM6oYU0QAdQcb8Nf%2Be2p%2BxIII0NlPRfzAuueAlOFxjJNg2KV2b4XIBCs8e9foPFfy8hMAkjY%2Figj6oRzIicEAvrPm4A211%2B9ehh32s8xPt9rbAKWQKuLyI9npsP4nzvllhlPzwzo6976SBmb0S6aByCYI3zsruhyExavWmQ6NDm2q1R7%2BjDRKmF2kvxP6hUZI7UyuAE928dk%2F2CDO9IjoUhH2ShYxZXQy2QNp3pOPhDcRfHbSIZyhXEL2RyYmkCeLQXEYeUXgvx2aRXzy78KS385LZfDMwYdW%7Ctkp%3ABk9SR4jR5O_5Yw
New ListingBroken T-Mobile Apple iPhone 12 Pro Max 128GB 17.1.2 MGAA3LL/A Bad Batt Read,Parts Only · Apple iPhone 12 Pro Max · 128 GB · T-Mobile,$249.99,,Free ,,https://www.ebay.com/itm/276489088452?epid=19041715516&itmmeta=01HZ7FS51X9CDXP6TP13GYF6E8&hash=item406008adc4:g:~nMAAOSwYCFmWcRs&itmprp=enc%3AAQAJAAAA4OyJNUnHowwsmBQk%2BGPRscPVRN%2Bo0O%2BE9i4LtglDPjYawVbIi1DNWuTcGPbM5eAX19Zu%2Bg1s1uiCcdWN8YhpIDmRamOx8DqoaHZTp85MdvuMrpiNfEUv4ZH3z4w2VXquc6cZv3dH5nV31bqzlhriHf3pLPQYf6h6jpN%2Fmpd68TRYtzp71w3%2BB1S1m2zqx6%2FeTe3SDc8RCBXfn4sWBXc%2FuaKQWwo0IcNOZMp1xxnaXXePTxuUXAYU01F%2FHr2YI1ujk9kxFpizHXi2QZ4PPRc%2BGgPOs%2BVn51wutxQifFR%2FMU%2Fo%7Ctkp%3ABk9SR4jR5O_5Yw
New ListingMTLV3LL/A Apple iPhone 15 128GB Black Verizon Unlocked Perfect Condition,Pre-Owned · Apple iPhone 15 · 128 GB · Verizon,$650.00,,Free ,,https://www.ebay.com/itm/226170590034?epid=23062776875&itmmeta=01HZ7FS51XQ5XG1836BTMTYTCB&hash=item34a8d15352:g:gtwAAOSw931mWdV7&itmprp=enc%3AAQAJAAAAwH45bhAL0xI9VUlAsdICMvJax3Vnr%2FJrGv5rR%2FYs9bbq%2B8BfUHkBULmpvkzBv0MqsjWm54SQ89mLzuEiSs7ypDtsawMf3HXb47sx77fmZ8CHch1tOekeOSWbVlYEqI6WBDjUfLFgNfZb%2BA735mn6WJ6RCeQ3ZLwLbWKcAWmKdQN21T%2FHiK3q0KVJRNmMWi%2FGb%2FRtFXnCQTwxGQnSnVKMF1IbM%2FhoHlLBcM0IO%2FWNwAdpiYBY8fjqAFQmDYXfOE%2BM0A%3D%3D%7Ctkp%3ABk9SR4jR5O_5Yw
Apple iPhone 14 Plus 128GB Unlocked AT&T T-Mobile Verizon Very Good Condition,FREE FEDEX 2 DAY - 60 DAY RETURNS - 1 YEAR WARRANTY,$504.95,44% off,,,https://www.ebay.com/itm/295533596089?epid=10056260152&itmmeta=01HZ7FS51XNPF5RDM6EDKN48HJ&hash=item44cf2ccdb9:g:rSsAAOSwcGRlDcMb&itmprp=enc%3AAQAJAAAAwCIhbATup33VfU8JNmR9%2F%2B8dBMRkELiO%2FiLvm3qedvsJ0JGBmax39rrKMCtl1lb%2B7w8gQ8pUWT7DjjYGLklSoQsQex4dX6%2FeRrhs%2FOPuYS2rPsnzO9h6M7X13tnqbL0yd%2BVTRNO4XcLnjUCGyeO5tmJmhYWAqH%2Fnmplkn4dI3%2F02y172fVvaMrOmr9ma9uWCw%2BOz5dwrmPtk5gYi4jeBp%2F78FyQZCLRFN9Zxp4yYgHCJ3r4modKNUKCKC6KVqq2l3A%3D%3D%7Ctkp%3ABk9SR4jR5O_5Yw
Apple iPhone 12 mini 64GB Unlocked - Good,FREE FEDEX 2 DAY - 1 YEAR ALLSTATE WARRANTY - CELLFEEE,$189.99,73% off,,,https://www.ebay.com/itm/255696290874?epid=11064987198&itmmeta=01HZ7FS51XXQMXH42CPSWYXNFK&hash=item3b88afc43a:g:YCUAAOSwO6xjCYIX&itmprp=enc%3AAQAJAAAAwAixQCThh8ElCeasn50vOH8A0Xi6mXmBUFeAjnDD%2B%2F%2B%2B7%2F0djE21ILLkfnUK3pWS5OY%2Fp26qkqGTpRSZ5NzqaFpgG%2FlwFmh%2F3ScbTakAp1MncGk%2BJhG5mAY7YqEI3LCsU2urX9WQr8jXyE1M710TA%2FJPw%2BZWTv01OfnKi1QYyEBwkSrW0OFQo1gUwTDaviKg7o9BiBIoi6uvw84YR%2FYRHjnA%2F9gTZC3qk3orva%2BOm1S3i%2B31aZEh304Br0oJ7L0JkQ%3D%3D%7Ctkp%3ABk9SR4jR5O_5Yw
Apple iPhone XR - 64GB | 128GB - (Unlocked) A1984 (CDMA + GSM) Smartphone - Good,Good - Refurbished,$169.95 to $209.95,,Free ,,https://www.ebay.com/itm/266663135057?epid=9037653880&itmmeta=01HZ7FS51X79JX5YZ6GK8GGNGA&hash=item3e165c8751:g:iS4AAOSwVKdlMB9R&itmprp=enc%3AAQAJAAAAwJg1WyAKQ7srGxEdDZ1RNqzHFDWjJgRdrGxWhmQlU7NxMBWgE9T0qo1Edg7WJZvRs2UgiKSHCYYknqVprG66jkSg0KVmMdp60hv5Uy%2Bug6N8Inul%2F6JKW1aYMKWadHhT%2B5MpBob0ZxLo8t%2FqFZdyodGQ%2BSkSwQorD1HZ%2BBr1tPGvOT3CE1xtXaEvNX4tT470a6lJ2znd%2FXgF%2BSUmOsx3rYr3I55gX1Sbf2TM0EIXQ9Invt9d5PaHtMu01HVlLuuXHg%3D%3D%7Ctkp%3ABk9SR4jR5O_5Yw
New ListingApple iPhone 12 Pro Max 5G 128GB - Graphite ( AT&T ) *CRACKED BACK CAMERA*,Parts Only · Apple iPhone 12 Pro Max · 128 GB · AT&T,$299.95,,Free ,,https://www.ebay.com/itm/405008979592?epid=18065002735&itmmeta=01HZ7FS51XT5XNQACDJDAGY2JS&hash=item5e4c6a9688:g:O8gAAOSwmABmWdai&itmprp=enc%3AAQAJAAAA4OwYuCG1x70ic2kqsKCHtM4LFlfYZChwLNjs8cDUPT1T5fzI0QutlOmyOhWi%2FHV0YcUhRI460f23HZ4OhDn39P%2FbhC5oIcS818k5CjaDpPR8rzmt6BFxBUsdnP6T8jO8j%2F4x0g5ktyLumbkvLYRClhFnK4vwxYvZ88PVNI27g40UhwfTeZZwudN3SxVUgOSrTYNgpN2%2BG6IiFfHZrlbOPXH9JsPb%2BGOuDRvTXeqEFX1eAnTCXpTLqSNQ9mZ0xoDLy9ki6OuKoNq5j3qxbLMOz3uvS0QU5KN%2BCEaC0%2BVYnwM5%7Ctkp%3ABk9SR4jR5O_5Yw
Apple iPhone 12 Pro 512GB Unlocked AT&T T-Mobile Verizon Very Good Condition,FREE FEDEX 2 DAY - 60 DAY RETURNS - 1 YEAR WARRANTY,$376.95,71% off,,,https://www.ebay.com/itm/294356589713?itmmeta=01HZ7FS51X9B5VHRMKSFCJJ8QR&hash=item4489051c91:g:0YMAAOSwbMplDbuI&itmprp=enc%3AAQAJAAAAwONBYHKDK%2F58iU7jJnaLQk4JEn5nQj44XNEXR9Dtclh5Qnxzl%2FmrcoL24aPHxG2N%2FGxIa%2BIcqL8LnWlDZiHDw43Q2KFK6fe18bIk7Gn8x0SPWsYdjbLaO2SaGHBscX11fWJTl%2FZMPuZKxEKp6bzm36azxQ7CPDbTnZ2E%2Bs7fGdPUqvwdARsfbNQjDx46gWgRCEijOaIP31ZMj6Y9%2FHgnJ0ha4KSI9aX9tDb1G%2BHEytfXBriqZR0uqqPCxC9bak3tiw%3D%3D%7Ctkp%3ABk9SR4jR5O_5Yw
iPhone 8 - Unlocked - 64GB - Gray - Good,Good - Refurbished · Apple iPhone 8 · 64 GB · Unlocked,$96.00,,Free ,,https://www.ebay.com/itm/275269470823?epid=15022478164&itmmeta=01HZ7FS51XNPPN2V8QZ8Y0G443&hash=item401756ca67:g:qaQAAOSwqo9iNLyy&itmprp=enc%3AAQAJAAAA4FG%2BVYy8wqtUid0URowucjxp63mMl9SnCNVyJwuUqmYcejJyxxHBKvzvrQ2d2BpaQc5RASNfKvuTY%2B9YgqjSxrvL%2Fo2Z1tM2fTRZd69UEGJM941Vw7D%2BjI4JPVUWY8Ea0BgF%2BqACU2ZMm3buNImtJJO8e%2FGcfNF%2B3vJorzxssrciOnyD8JHhB6t6hh%2B4k2Qvs1e54xGZi7OP2uILIFew6xBh6b0LLqsMoSP3DOizNkmAhZ7cGTNeAJ9%2FnG3Ntu55KE%2FoEMOsp%2BhbcEI999BCXpqSClTK%2FcYsVVlA9xcmeQk3%7Ctkp%3ABk9SR4jR5O_5Yw
Apple iPhone SE 1st Gen - 16/32/64/128GB - Unlocked - GSM/CDMA - Good Condition,Free 2-Day Shipping!,$54.99 to $69.99,,,,https://www.ebay.com/itm/145575111894?epid=240433954&itmmeta=01HZ7FS51X9P0FCYYHXR02T1BT&hash=item21e4f3ecd6:g:M-IAAOSwM-9lKKBe&itmprp=enc%3AAQAJAAAA0LpHRyVnRbgBkbnVxAyz6JbR2fCvGEvJk9lLSv78zyX7uLkQMJZjVVSF%2FoTXAxuTcUAsSvCqr2aTLzTOw%2F3kqXaRrRCLzgneajAX0R%2BpEM24hdAk0xwfGroDPG35V6cknOq4IJabSPBFIOG8pxxEaxJxr8pJrTHDiUNJig7XygpuuLI9VPbvfn%2BhCZqwGUtCrgTeQvXKA1%2B7ZAxvI7bFqsHoi4Dpg2GlW30koNnzb3jxYZQlmvhHK%2BVzGVGMkV4kXm4YN7Zvs9fPXyK1kBg29dY%3D%7Ctkp%3ABFBMiNHk7_lj
Apple iPhone 11 Pro - (Unlocked) - 256GB - A2160 - Good,FULLY UNLOCKED,$259.00,,,,https://www.ebay.com/itm/364783470687?epid=13034214288&itmmeta=01HZ7FS51YH3J7T68C50WYSSN2&hash=item54eeca085f:g:IkMAAOSwgmBknPSk&itmprp=enc%3AAQAJAAAA0GX%2FnbsIPFQ58S83Qo0WFsFHuQiBizO%2B3p3dD01hVRo9SX56hGbjObfbalBQaXFztOuCiSQMskb6rfdXsAc71zb2PZVYVUbkXwtKvd2tqQtU3%2B9NIUdyY8ZyvX4oeGtQHKbPX8SfQkJWFFlzv6vCNw9iXuMO8cIo7HXx1Ns86A6vVN9CoQRjblG2DJYHnx8TuMVDyfBPZjBpfVDPM7lCCadJHF0mrPuEJ1ovVSkhMuQ%2FxjdudzHWkGm0GwNkwW6HgUg5VXR8kdoG7N7Xkz4RTa0%3D%7Ctkp%3ABFBMiNHk7_lj
Apple iPhone 8 256GB Factory Unlocked AT&T T-Mobile Verizon Very Good Condition,Pre-Owned,$92.00 to $149.00,,,,https://www.ebay.com/itm/114992027006?epid=239086319&itmmeta=01HZ7FS51YMA8BGBD9HZRH2KBZ&hash=item1ac60f157e:g:tmQAAOSwk5phQe0m&itmprp=enc%3AAQAJAAAA4I%2BhCCcA9lcE8EW2jL8uFvNhkf%2BkK%2F1x%2BNy8UKwXO2X5dzJcxzm4Cqg4TIuRmi0qo0ffPYnWmu4TyDKsJwK2HXiyGscDoIu%2F6cNIW%2B%2FLC7humTbHCXZPSfHgC4%2FJRE1yikqqvRmKZ2H1AmD2V7qoxTv6QdaeT8YyRRgsE6DQasCjwAE%2FTzlWRT7uTbyLgx%2BmxIzos2soUFGUwYuoi%2Fh8Q3uiLMTx5Brqzbrx23bR9K2bKXZkXH0IPZy7dwzEocQrZPk2ys08NsaEyneZsRUSDfOIpRosHpFbj4g%2Ff09dgyDH%7Ctkp%3ABFBMiNHk7_lj
Apple iPhone 12 | 128GB | Unlocked | Good,Pre-Owned · Apple iPhone 12 · 128 GB · Unlocked,$259.99,,Free ,,https://www.ebay.com/itm/305567893398?epid=25041703793&itmmeta=01HZ7FS51YAMG29S1ADP35VNP9&hash=item4725440796:g:rYAAAOSwy2xmRLzS&itmprp=enc%3AAQAJAAAA4HM369%2BeD%2Fy%2B7T2xQdwP--GSUIQBu%2Bc3UKKi1ME1ZbxiZ3ciX35xKdw0WfOH5%2FdfrygCbUK7poiBfeHE4uuHjNUGfPee9i7r%2BViw2rf%2B8VRSKXvV0OwBDYe9BJffXI8ws5qp69Uy0nSO799IKMf57ZzLeRTtyXOkr3Kww4Qcnnq%2F4IRW7zYNYyHd3XCHGz2elLudkrxa5bPXoLHVnugTBvFZCsUtVEtb4wsG7jrtiaxC2PDdFsR7C%2Fhqqy5CBQ%2FAZVZ3PZuzAWZBA%2FeROm6LX8whXeLX0CmVmex%2BZ2HyZMro%7Ctkp%3ABFBMiNHk7_lj
Apple iPhone 12 Pro 128GB Unlocked Smartphone - Good,FREE 2DAY SHIPPING-60DAY RETURNS-1YR ALLSTATE WARRANTY,$296.95,70% off,,,https://www.ebay.com/itm/384587651322?epid=25064991494&itmmeta=01HZ7FS51YA7D449GCB1EJKCMN&hash=item598b35d8fa:g:U4MAAOSwS99hCDnD&itmprp=enc%3AAQAJAAAAwDRuDsZvtcbFeR79zifXGyLnVumB5jICsCo%2F%2BQxWobyr8Pz%2BQy4BGKN28wBxBofO48kdQ21p55UrH%2BreB0YaWLBAKaenxzQLcd7dyo8nGeRhlhIcLdP0gQU1x%2FvsWkT799E7L32LunAxbs%2F47%2Bv6vVQwxyP2oTXYA6GercrNXc8By1uPtefJfw5R0UMxTwev64uDVu7wG5r9VdiMt8%2FOjDsRIE9hKoeUiyejddaEcc--Ac%2FdKxW%2BVMpWqwuyGOASCA%3D%3D%7Ctkp%3ABk9SR4jR5O_5Yw
Apple iPhone XR - 64GB 128GB 256GB - All Colors - Good Condition,Good - Refurbished,$155.00 to $164.00,,Free ,,https://www.ebay.com/itm/284798208698?epid=9037653880&itmmeta=01HZ7FS51Y98A94N72VN7Z49WG&hash=item424f4bcaba:g:Hb8AAOSwX7FiayEv&itmprp=enc%3AAQAJAAAAwFwjkCRgTZ%2BAt22Cabr0m36%2BlTINoCZx4L5i9ys%2Bh0pUMqVgmaR7xpgTJADPA5kmgW7FR72ut2Nj5sOgUfZan45ypTL%2BZ2%2BCFyaUtX43ZleCORJV7FzLt1YoqDvls%2Brpd2RK95VTnwuPW8%2FmzsyST6udfeXZ8GqEmepYugJreO1luzDwNn%2B4XXepS0E0J8KjfleGC0wIMqRzVgbaPfD%2BBAUNztwId890G86FLva3QYn4LarRExjG1xpywxAMQUTVdw%3D%3D%7Ctkp%3ABk9SR4jR5O_5Yw
Apple iPhone 12 mini 64GB Unlocked AT&T T-Mobile Verizon Very Good Condition,FREE FEDEX 2 DAY - 60 DAY RETURNS - 1 YEAR WARRANTY,$214.95,69% off,,,https://www.ebay.com/itm/294982633019?epid=5051030198&itmmeta=01HZ7FS51Y07Q9P9SATM0SMM0D&hash=item44ae55c63b:g:4gYAAOSwY7FlAH2H&itmprp=enc%3AAQAJAAAAwH1kydQKNu0pWRBfaZsSXtv3x8LYmaZgPbu06CDdZhBnsFLj0OiwNeu2IhB4WB1KkYNAnNvlc25sbGT%2FlAfpAuqOs%2BK0qglkO8YwdnS0Gdhigsp4%2B1cZbMF3zhvkBSzdaUlpswMqSgqTGZvJjKASGNizdG8By3DOR0wUHgwF1DikcROj5R98a4Rja1N%2FwJtWwQeWTdOcEW44uL5gRlVJClVGp%2B%2FVFIntEJhptdppv7PMvHS19dZDEdg0KNHFh7qXEQ%3D%3D%7Ctkp%3ABk9SR4rR5O_5Yw
New ListingApple iPhone 14 Plus - 128 GB - Blue (Unlocked) (Single SIM),Brand New · Apple iPhone 14 Plus · 128 GB · Unlocked,$500.00,,+$6.73 ,,https://www.ebay.com/itm/387042498168?epid=4056251256&itmmeta=01HZ7FS51YH2DJQFXGPY72ZRJG&hash=item5a1d87d678:g:gZkAAOSwOBpkC1SK&itmprp=enc%3AAQAJAAAAwGFdLQJ15IsMLWrtNd4K7pBQISL%2B%2FECL%2FTa%2FwDvwdzYlEwqIwwcykyYZEkXgn8jc9O4xaQswyO9tShv9XZ6nsNnTsRvQW9Ydx2Gk%2FzCHk20ULcs7mrUDTP0AWHcsSkhaLc2NOMCX6MkJ1%2BkIM9UEC2YoB8aB6rkJ0AOHXB%2F6NdYrVR0Q0ApWT6LrjzYbY8Wc30ozlQ2MlgA5VTXMQu32cL9KUdzQ%2F6c6M0ZL5mzSQtFzaV7Qu%2BWqqxo8ZssgyZ%2Fj3A%3D%3D%7Ctkp%3ABk9SR4rR5O_5Yw
Apple iPhone SE (2020) 64GB 128GB GSM/CDMA Fully Unlocked Phone - USED,Pre-Owned,$119.94 to $142.78,52% off,,,https://www.ebay.com/itm/394366603709?epid=28051129080&itmmeta=01HZ7FS51YMDW3JZPT0EEQRPCW&hash=item5bd214d1bd:g:WX4AAOSwUNdmMqMI&itmprp=enc%3AAQAJAAAA4N2GjZY%2FFdgdFQCDaFl0woc4YA6MqA%2BAhjE6wVZe7%2FONDhGKx43Hi2p%2BBTiqNsNE8cNv1QJikH%2B6d65AVE2klyVsSa5y4DSivfjoxmXjokgCGEpZdInykDbUxLTWc%2BYEESTyS1oSUEWpjpr3FK7QJOQH1N839rOfXyzhTFQzpW5zCtm5sfCka0Dc%2F4v4lEltrG98hEGp7BNeKm1vtqnedTGU2GkBm1ZcvJ15cdETAAnTXJ9Cqa7gn4UwIEXi0TL3tj7uhrTAAWvTPixLNyT0WDIVT5WHxk%2FfcYmfDFeUo1fz%7Ctkp%3ABk9SR4rR5O_5Yw
Apple iPhone 12 Pro Max - 128GB - Factory Unlocked - Very Good Condition,Free 2-Day Shipping | 1 YEAR WARRANTY| Free Returns,$439.00,,,,https://www.ebay.com/itm/124902566060?epid=25041703777&itmmeta=01HZ7FS51YTBYV8MQE9EWZ8A5K&hash=item1d14c5e8ac:g:tXQAAOSwJvxhQfcB&itmprp=enc%3AAQAJAAAAwEmbh%2FfnzO77JqELYI2gzmFBu9HEiPfjP2iWGN0Eov1L249lfmsxON8amoFeYheRVx7T2Jwa%2F9biOyWHQS1Crw%2FqHA3WRpJiOMUU0RQMSwiGFfXPnK%2BBmyeoD3z3nK0tN6Lr%2BVuGTYKN67yg4wcf5J1V3uurEDie3mX4yI0QyEbYfoUZoO5pgfMgacAjUYVf%2BxdtaQK1spLkemojqes1k7XSn2tQppYBPom%2Fbb4cfV9%2B8VxS%2BH47qg0V8QIkJTUp2A%3D%3D%7Ctkp%3ABk9SR4rR5O_5Yw
Apple iPhone 11 128GB Factory Unlocked AT&T T-Mobile Verizon Very Good Condition,FREE FEDEX 2 DAY - 60 DAY RETURNS - 1 YEAR WARRANTY,$234.95,69% off,,,https://www.ebay.com/itm/294293490992?epid=19057351198&itmmeta=01HZ7FS51YRAPPZ918SXFW8EVD&hash=item4485424d30:g:-nUAAOSwDgdk1m4q&itmprp=enc%3AAQAJAAAAwAfh%2BeIbLMSOtlauea4OwzO5D%2Ffm0v5kHX2gJkkVtTeT2Yete55hVjMTgitFPsAb3gwULtcfKeIRgUwlfBvKp3EHtujRIiNYgrZlzlP%2Bn5PyAz1r7rNa%2BEokzKGkymfGH4kGqAS4EzPwZFWKZ3BxBh%2B%2F2MaxyHeJc%2FhIPOpXyLjj5N1nt4b2qzB%2FeLV5t4X32YQTtPetkvlO00J7aKs5lyepDH2ARRjvYuqxynuATvYaHTQGhzK603d3HT69cC6XUA%3D%3D%7Ctkp%3ABlBMUIrR5O_5Yw
NEW Apple iPhone 11 PRO Unlocked for ALL Carriers GSM+CDMA All Colors & Capacity,BEST PRICE💯TRUSTED SELLER🤝SATISFACTION💯FAST⚡2DAY🚚,$364.95 to $424.95,,,,https://www.ebay.com/itm/184311226559?epid=12034199370&itmmeta=01HZ7FS51YR9RZ2AY7BJ9WVWBK&hash=item2ae9ce20bf:g:L-0AAOSwEv1lifOY:sc:ShippingMethodExpress!07838!US!-1&itmprp=enc%3AAQAJAAAA0E1iuHjvO0eHg%2FuOonotfab0nGgYmkr7uQL6S2r8fbcSd84p5DLO73G1rpVRbWfxWLRNcZiO2e9v2xFZqQQb2%2Fa%2BXsufzzr4eNJKgjv9%2BZOniUF0UKUlWGTywNTfs6WyPYbr8hWgYPX%2F1ToKvzIXxwOXiNYlKAbpyVyxGtGPEnykesbqDgSiEAS5HMRqStmsOQOhdlnLYcj7FwOWdtf4vl3rPg%2F1%2Be0PLBy%2B%2Bu1N21xocjBVWCxiQ8Bzi98jhEO55sGI1Zu4NnanLv8gK0F%2FBio%3D%7Ctkp%3ABFBMitHk7_lj
Apple iPhone 13 128GB Unlocked Smartphone - Good,FREE 2DAY SHIPPING-60DAY RETURNS-1YR ALLSTATE WARRANTY,$355.95,49% off,,,https://www.ebay.com/itm/364213876667?epid=26065006910&itmmeta=01HZ7FS51YJWB5A74AH319191A&hash=item54ccd6b7bb:g:sSwAAOSwEYJkNF~h&itmprp=enc%3AAQAJAAAAwOP75mub1xz4bmSAtpseTnVRkcuxidQ6KWaCcuWT58KREi3L00thgXv8AyPunofx0cK3JxqBfk8LxB44%2Fnv0YBMcRYbIMU2GBK%2BvLTRy1Mym4NDOno%2F1hQn9S8r4%2BfXFGFrKoHX8kinlPX3viIaBjx6dzFIpcH5eWSEsbqY01tX30whZAm1GCjp%2BvGKCGnSiG1kRPBjNgkZAQyM31VRTlgFBjs6AFnxmKbXk9m1uukvqIDeZSUlVmgTvTtrEJfvCBg%3D%3D%7Ctkp%3ABk9SR4rR5O_5Yw
Apple iPhone 11 - 64GB 128GB 256GB - All Colors - Excellent Condition,Excellent - Refurbished,$233.00 to $245.00,,Free ,,https://www.ebay.com/itm/284788621781?epid=17035818063&itmmeta=01HZ7FS51YZM1NBFGMK1ZJ3R0G&hash=item424eb981d5:g:4f8AAOSw0IVidaHD&itmprp=enc%3AAQAJAAAA4FyfdX%2B4mXJNYWDwjukrS%2FtIIn1RX0t%2BYD3pia3Z2BMLkOsl0HH0XTgJK46GfdelG5qUa1PrFo4dSy%2BKAq1hHMTLumN3UM6IJV8HG6j4niqGjRJWRgHjFlKY%2B60A9vfgMpr6H%2B8YaOSX80e82Agke%2BdnL%2FuP6R3LUeewbPW4UTwSjLBZGlxe3rIDrZRjCFy9RxWFwXx0Rn09bC1FRJWgqf0FyQ%2BcalKTyiZTX5O7arqU5ZqHTOsmY4Z1%2F00pz69fR3ERrzd4FLuP10QcQ1gURJIR24PxmacCSINXaaDrCmpU%7Ctkp%3ABk9SR4rR5O_5Yw
Apple iPhone 11 - 64GB - Black (Unlocked) A2111 (CDMA + GSM),Accessories included.,$214.94,,Free ,,https://www.ebay.com/itm/115632794649?epid=14034212885&itmmeta=01HZ7FS51YPP74102311Y4E1HT&hash=item1aec406c19:g:FzAAAOSwrvBi7SY-&itmprp=enc%3AAQAJAAAA4JCbCHN87sZiA%2F3pB7uh33pkyjeMlNwhDpYL2LGLXqsPJOosnNqe7TtxKeeZZpQEWxwPjiGQ53uUS4%2Fd%2BVsCi%2Fyq4LaB%2FG0ZUfciTbJjF%2FdsiB3V6uPv%2F0nadVkE1rw7pwkDRaA%2FFkb%2F4zoXR0CHyGZHjDwt6hPW7lihfE4aCtvoANtcWDZMN1IZiNhtKDeD1HIk1ZUCrL%2B1UlKBZMHyccTenequ4XIZ7PDwPzVDcK%2Fyg%2FDwdg%2BbOGqQ9EjqgtGYYlLVNYHhhqvpddxwOMtBK98RgpRkzB05GQwYakd1a0m2%7Ctkp%3ABk9SR4rR5O_5Yw
iPhone SE 3rd Gen - Factory Unlocked - 64GB - Black - Very Good,Very Good - Refurbished · Apple iPhone SE (3rd Generation) · 64 GB · Unlocked,$179.00,,Free ,,https://www.ebay.com/itm/285253753256?epid=27052767048&itmmeta=01HZ7FS51YCNXXEK1DJ0HNP3KS&hash=item426a72d9a8:g:odwAAOSwCMZil94t&itmprp=enc%3AAQAJAAAA4MlHI1kNmdo05EBALop4cf07TgmmpVt5DdddFDlgBSlzBSYaJ1Pv8ihZXN1ttGq%2BiJ9Rrjzn0zYTDm%2B6VaQ1ny3It5r5oPEfWvMipXL79q8MWDt7ldpvK1WzcYCC1kUCYt%2ByzIrKIzhRp2V87c%2FkJWxdvalwHYNSIuaNTeId1HN5h59GpUOtnZ2Lm%2Bjucj7I95YXCVN0Zzkpv7GODuuM0NTXXEPvKQVY%2BFiwYzGq0ioMsL56vMxtNb30u8CiO%2BJmv%2BEJfDfZlSPLtrHWGNiKzR0s22%2Fip6xQyhNlrcum5603%7Ctkp%3ABk9SR4rR5O_5Yw
New ListingApple iPhone 14 Pro - 1 TB - Purple (Unlocked) (Single SIM),Pre-Owned · Apple iPhone 14 Pro · 1 TB · Unlocked,$799.99,,+$6.91 ,,https://www.ebay.com/itm/315404893681?epid=23056266597&itmmeta=01HZ7FS51Y8T73JVG9YA6B0NC0&hash=item496f98bdf1:g:jmoAAOSwvqVmWUKt&itmprp=enc%3AAQAJAAAAwHDwsbg%2FIga%2Bjfmk5BTChbc%2BbW7Q7oDqwoLJRNNlc4Lwwt1kaKSUDmxG0tfg68RXXFbzpV67Dtl0pen7jHRtzYWRThUW8dht3EWWlj4acU8PCGy%2BNdgFySdsxtb5qh9Rm8JClIvVpes78i2GyGx8KP3h5PGvstS5rrp9cagVQWsQkLj8M43fVVCr12Dt4walQwiJwljS%2B44TSwsFqM0YkYhw4rp9teeo%2B7fsbQUN7ydEK9SaFYJd%2Fx3dTLEQUzSrGA%3D%3D%7Ctkp%3ABk9SR4rR5O_5Yw
New ListingApple iPhone 15 - 128 GB - Black (Unlocked),Brand New · Apple iPhone 15 · 128 GB · Unlocked,$550.00,,+$8.41 ,,https://www.ebay.com/itm/387045759344?epid=8062766781&itmmeta=01HZ7FS51YRXTQMH1HJP3KQY6S&hash=item5a1db99970:g:GZMAAOSwR8FmWXo4&itmprp=enc%3AAQAJAAAA4FW3KKRxu%2BIctkn38Jm7aPhg4RnfufMUdjJSTw0l%2B8IsbUmz00UEm43Dx4fo0ngPZ%2BAb%2BYwLMG98DqxCiUIDyiHP77Ch4Nby%2FpP2Vq7cvvAacJ2we%2Fi4k13%2Foh11%2FzyWz%2BU7iceRTg%2BWDDtwtOMqji7%2Beyj8741zVS80LtfLbiHFzDWg%2Fkm6oU3i4bMw9AMO9uY1MhqP88Gdf7JrK1Ae8VJYOuwFElen8V5Hvd6L2djh7vw2D11mF0YRTgpYQY6huDd5JioPtZnKb%2B%2BGoy2CZYiGYzapsGOUc3MH4t1yRtip%7Ctkp%3ABk9SR4rR5O_5Yw
New ListingApple iPhone 14 Pro Max For Parts Or Repair Only Read Description,Parts Only · Apple iPhone 14 Pro Max · 512 GB · Unlocked,$245.00,,+$12.99 ,,https://www.ebay.com/itm/135080780132?epid=4056251244&itmmeta=01HZ7FS51YKC0AA252MQE0PTXN&hash=item1f73712164:g:lRsAAOSwTd9mV2tc&itmprp=enc%3AAQAJAAAAwANOA7MLgRg4J40LC3zj7xX%2BNMN1MxKPoI3q1dG1P0nqSSnvvbhCnJBlGKmQtUaNn5hl71hlsOpvmK45rmYYDmFk%2ByPVbx%2FUx9JR7rll%2BaV6mo8tthZZEZ%2BxhC%2BlwPjfAbROWH2AlwuSNAQFZCLL%2FHHEeADQyJg%2B1zOcdJnrph1YNogmJVobl3%2Btf3aFAYGDkKfzCrJQufPJHdNeLF%2BlccQaILQPbuP6J5oqA2D9OAJdNd11R5BMRJC2RGzCIveQpQ%3D%3D%7Ctkp%3ABk9SR4rR5O_5Yw
Apple iPhone 13 - 128GB 256GB 512GB - All Colors - Excellent Condition,Excellent - Refurbished,$364.00 to $439.00,,Free ,,https://www.ebay.com/itm/284789075414?epid=12064989136&itmmeta=01HZ7FS51YSAYDDMSWCQ08F6S8&hash=item424ec06dd6:g:rqsAAOSwLwZiar2B&itmprp=enc%3AAQAJAAAA4L5%2BCPcqz7tPhojW%2FjCy19zruCEzGwd8lmyahPy6xpki5pD5DZFfrXzbxTaFPgEb0MAiPshi4Ae6kCoq3Zn1A%2FuPYrNNj7hjPAG3oXbpViM0PWVQTPIqzuswmq%2BwQswT7JW2qsAL%2FKveyf0rOYPFv%2BZZ0PDymkm2zX0qVjysUv9uVEnRhpCHgBrKV4PQ2QR0ntAuGBVfhUoNzKbAdfoyjEDk7A3bMJdVeHMcI1%2BQExGTxx4WTYfzdN2jTlOB3BMZM%2BJ42jUgWpKYaxrz4208tHEkxgRSXVmjIe34EUNfciu%2F%7Ctkp%3ABk9SR4rR5O_5Yw
New ListingApple iPhone 14 - 128 GB - Midnight (AT&T) - Sealed - Check ESN,Parts Only · Apple iPhone 14 · 128 GB · AT&T,$359.95,,Free ,,https://www.ebay.com/itm/226169656714?epid=20056257996&itmmeta=01HZ7FS51Y8KBTMYG0QFCAREDK&hash=item34a8c3158a:g:HR4AAOSweF1mWPP6&itmprp=enc%3AAQAJAAAA4IW4ZkH%2F4x2TYwGN6GC9ZuLkAcu55cc7Wsf2Qf3Zwi1yW5prYKvR2%2FmRV1GHchaFWmApf4e032Ww5ZqHXCMQICNIkjJdcPdMNIaszbs9T%2F7nScPh6H8lsTL%2FmXWuUjSGAcmJVrxL927MdeZqVOKg89LmTKMfMqSeFCnNsqxSy3fJZlzhNAfgiF76QgXs9rGIMDWp4V1R1Jj%2BwSnCAI71mXIz0YZM3oOal%2FLu8rmmbF8gXAAF6B%2BjMO9vYfXlL6T9nZmKocHgPXXmMXBhlYuxIb0oR4f%2B22qVAFqm4OJoX9Uk%7Ctkp%3ABk9SR4rR5O_5Yw
Apple iPhone 13 mini 128GB Factory Unlocked AT&T T-Mobile Verizon Good Condition,FREE FEDEX 2 DAY - 60 DAY RETURNS - 1 YEAR WARRANTY,$314.95,55% off,,,https://www.ebay.com/itm/294655667278?epid=3049291490&itmmeta=01HZ7FS51YTRVHKHMXXRPWJ16D&hash=item449ad8ac4e:g:IYIAAOSwp~ZlDbyb&itmprp=enc%3AAQAJAAAA4A9n4%2FmUW1GL7xBDmdpBnlqbPeIuGgBrxkEEkBxpSGWWsUBanRE6R0%2B7W%2B223xzQI57SV9rYmCZQ%2F1U2asq6KY%2BXZFHgDEo8sRW3Xk3Zto3sPBxdQqt6oIf4NNqBoTc11LfB9JIwNT%2F2k2yo9NvAdAv24E3%2BNA19SObVqpkquHNe8FVnFoXIOFVxKmkED6WD%2FlKUr9Z2XPQ7c5bEFNrBMXSFexe6EJluAoXojDYHrj0kBJ0z667X1W4yOVEKdpOgjE9DMjYx6Kg1cZjdjpK%2FqwMa3vwdaD3I3Yz%2B5gEOAqjU%7Ctkp%3ABk9SR4rR5O_5Yw
NEW! Apple iPhone SE 2022 5G 3rd Gen 100% 🔋 Battery - Factory 🔓 Unlocked 🔟/🔟,100% 🔋 | 20W Charger & Armor Case Included | 🔓,$279.50 to $379.50,,Free ,,https://www.ebay.com/itm/255640644993?epid=15052774454&itmmeta=01HZ7FS51YH90E8M2C5Y42E07Y&hash=item3b855ead81:g:~acAAOSwURdi2sn6&itmprp=enc%3AAQAJAAAAwIbhAzCtVkd36D7dd%2B7hCS%2FpjnZeSnEmfMjEPwbz%2FF2kZDqqjlzmhiv7C3fL4Gcj4b6Cga704CburKA31yNPxo5hOg7p3VBZFgZgNVb1zo80Tys0RwPLSs%2B13MH%2BxYIJadM%2BAfZ%2Bf1gqEr%2FI3h4upe%2BwMBQGeq8AZNSzutTBtDttpg6MZSmcijt6NHvpqSDEV5Mu%2B93ozmsPz3KN6v44wXzciDmMDeWWFlfx2yep6P3BqlDRP6RCTRuyHFVx4hmkmQ%3D%3D%7Ctkp%3ABk9SR4rR5O_5Yw
Apple iPhone 12 mini A2176 Unlocked 64GB Green C,"Free Shipping, Free 30 Day Returns",$179.99,,Free ,,https://www.ebay.com/itm/186046891021?epid=14056996088&itmmeta=01HZ7FS51YHZE6XHSNY4GAD8SZ&hash=item2b5142440d:g:3n4AAOSwP3pmS3bk&itmprp=enc%3AAQAJAAAAwOVF89s%2BkHXHzVvX42v1eE6PMyJNoIZVpw3VoErCpHvaBtb%2FclfsWkIcEZks3jza9OzPnuL6Zuiud32h8hu05v3d5KF34O8uwI%2Feq47wr567Bd8hVYUJM8knZcMT2HNHc3u9FNJ1KvPFr0MhMqWF4QiTyieFK40OOD5ue7oqkpH9INQZKVY732QsJvPClGyTiT7qlvq%2BTYau5BSUAr48LAk2%2FVEBljnepuapfC26EC72urU59RkdWbQve4VUrVxGUg%3D%3D%7Ctkp%3ABk9SR4rR5O_5Yw
Apple iPhone 14 Pro Max 128GB Network Unlocked Very Good Condition,Very Good - Refurbished,$759.99 to $781.37,31% off,Free ,,https://www.ebay.com/itm/355094939620?epid=27056251993&itmmeta=01HZ7FS51YJ3NATKD2H56SEAM0&hash=item52ad4ec7e4:g:S6gAAOSw6ltlJILl&itmprp=enc%3AAQAJAAAA4JXuqylbAn4aNNFufmGwCIyVcuI3FoTcIcWPEyR9QsR6ZT9lju0H9ZLjrnRClnpCxA60Eg9CoSkHISJ0u5gLwJVelu7z2Wec62luunIoJzlatehmgaBaElkyp0XFJ6AcUNfxeWMpsdO4nBDSlqN2j7Vml56VC3I9Fj7%2B6G8ntqqO%2FY0sa3GtPxwRvnE974bmts9lNy%2FSfZx75EkaPI7M9l2FwRzKGmD4A80UqzkqtjEQ2FdUoStXjmmP%2BGbJBjfM789yyXT01BxJ0MCKY39RPVod7TyMj80t3yztoUNleFQe%7Ctkp%3ABk9SR4rR5O_5Yw
New ListingApple iPhone 12 Pro A2341 MGK13LL/A 128GB 17.3.1 GSM Unlocked Graphite Used Read,Pre-Owned · Apple iPhone 12 Pro · 128 GB · Unlocked,$319.99,,Free ,,https://www.ebay.com/itm/387046271303?epid=8041719718&itmmeta=01HZ7FS51ZZRGF1G7QXGJ01TW2&hash=item5a1dc16947:g:iCcAAOSwLrZmWblL&itmprp=enc%3AAQAJAAAA4AEs%2FN8Vwj72udb6sx7NQAgTQZ1EX9TdmQtrfm%2FWNMqgigmysVxEKFDoTayGx8uqG5z0FlttxCFz18y9seZe3ZIngRsTIOy2u6sJ0iAm%2Fc4gm21YVEVa%2B29dMqrJmMOp1JVM%2B6Fhxnklvcx57fjKeaiuIwsIzRI2qa6BR5ZQ3NnD%2BwhQxlO5aFEn6dHVOv7tKlp43QhE6%2BitiNePfaatiuml9OVKu8v458LCOteqObK063yfpFdyrNbYpT0WhTywlvicD6kkpod46xrDqE0mYUl%2F19iwcgZK8BaqXzqaheZp%7Ctkp%3ABk9SR4zR5O_5Yw
Apple iPhone 13 128GB Factory Unlocked AT&T T-Mobile Verizon Good Condition,FREE FEDEX 2 DAY - 60 DAY RETURNS - 1 YEAR WARRANTY,$366.95,54% off,,,https://www.ebay.com/itm/304600814829?epid=4056433567&itmmeta=01HZ7FS51Z0Y55NJ1WT45A3HHB&hash=item46eb9f94ed:g:eZoAAOSwfFhlDb52&itmprp=enc%3AAQAJAAAA4JTTlzlXV3Dx%2Fewz3INZn1WMwkFfAJoIp83AXWZGltuAVmZgB3SLiT3Qp8cn2KQoTCenlQBWOk1SYnK5zNWf3B53YiQdUtughsGV0QB1EWL6kkODWLbMuaoKtU1PcG7UOMWrZiLhNCpuOasr2%2BAdDxcnyKAjAXyvWWigSW5dnJi%2FVt3MtYd59p7rkV%2FoTc9IDQIbqt%2B%2BWI3%2B8G%2BH6pT6vHKDcd9Srp4f5cQjWncUmcJhdpxasuNMlReA3V9PLT5s2jhvJhVtcDM0DwI2C4CH14KS3iU8xzKDiuTxN3o7bH9L%7Ctkp%3ABk9SR4zR5O_5Yw
New ListingApple iPhone 12 mini - 64 GB - Blue (Unlocked) - Excellent Refurbished,60 Day Free Return + 1 Year Allstate Warranty,$209.99,,,,https://www.ebay.com/itm/285884741600?epid=6041725386&itmmeta=01HZ7FS51Z9Y53DBN4EWAPH30N&hash=item42900ef7e0:g:EeQAAOSwYodmWOnP&itmprp=enc%3AAQAJAAAA4HJEcDKOoijA2PfNYCzY1QduRTbYLu9EmDmdLw33o0HEdPhlD9--WRS5OEesffoN%2FADKIeQIHojBQZhAj70QeuPwKjOU23XKdrYy5riUjohw4CkIXkcn4u9SFnU4rpP%2B97mUnyWapeglAPWSs6gE4f6F2WJedhWh7WqW4xSXV55yXu777V6nmMxW%2B4xfhDtjMy6uwd0NtDhkO3Yis%2BeOVW60csll99m%2B%2BDG9nFjwKn%2FzRhwKi3SsoUloWv28Vm19jCRwYKqucLk13%2By0WxrblSHWqqaUkxQDWFL0IQoV7Bdi%7Ctkp%3ABk9SR4zR5O_5Yw
Apple iPhone XR - 64GB | 128GB - (Unlocked) A1984 (CDMA + GSM) - Excellent,Excellent - Refurbished,$154.95 to $194.95,,Free ,,https://www.ebay.com/itm/256270760765?itmmeta=01HZ7FS51ZA7MX86V88AQ3YNY9&hash=item3baaed7b3d:g:iS4AAOSwVKdlMB9R&itmprp=enc%3AAQAJAAAA4Ekaq5XsrXeQuKFu%2Fd7w2zlq%2BpF2ICFc7yJgctLOQMRerZaQmLl6MH6TosFtB41eEiIEmJ5JnQs2tkQWeBi2QdKL4TGCerADdRSPK3JBpug0SfHWwyzvKqBgJ0jy1Sl82uG17yfByD78I24ksd6focTr5iLBebwv%2B3viqjslrckKeeA%2Bb3lXzXdnEbI2q%2F0OwuveOB9DPy1yihzW3vBCivfQ6Owk69MYaFqH3PP%2BEiUd%2BdKnSORODnvmuhYzedXR1f6nTmVnqFH3IxwgyzQPSDPnFXGYEbo%2FIptsxVMtsX6u%7Ctkp%3ABk9SR4zR5O_5Yw
Apple iPhone 14 Pro A2650 128GB Network Unlocked Very Good Condition,Very Good - Refurbished,$635.99,36% off,Free ,,https://www.ebay.com/itm/354954088639?itmmeta=01HZ7FS51ZJ8CX8N97YQH80014&hash=item52a4e990bf:g:GLgAAOSwG6JkyZ3Q&itmprp=enc%3AAQAJAAAAwLHbO6MdJXrj87J4epAdPSjG%2FQAGGfAIj%2BPak8Fg%2Fv4AlvFPZMouN2hpN5YnC8QqvZrqiD146SZ9Fy76Z2VwxFgbq1Fssk1WOvO43ybWmNaVG9UMWRQcjU5%2F1mbJopIL%2FIk6cQFUQHLVAsE8MELWmgPzmpI%2B5SE13i%2Bvm%2BWPomSkenExxXgdCfl0ZLFIB8Eu4BzHZ2hAUVWSrqKtDg5K5vx1EwrwPPE6WTSxd5A%2FA32sHYbpKPywSMcAa%2Fxum4hCsg%3D%3D%7Ctkp%3ABk9SR4zR5O_5Yw
Apple iPhone X 64GB/256GB Gray Silver Unlocked Verizon at&t Tmobile Smartphone,✅ Free Shipping & Returns ✅ 60 Day Warranty & Support ✅,$150.00 to $207.00,,,,https://www.ebay.com/itm/114845945758?epid=239093115&itmmeta=01HZ7FS51ZQCV5SAQ090XQ2DPT&hash=item1abd5a0f9e:g:O~gAAOSwfqJgwoRj&itmprp=enc%3AAQAJAAAA4CadburowreQ7eHZkroGvfqr71SnZGVtFTRRsVrGzNfiK%2BougZg4fRXIF9x2iJ%2BYLGtJa2CSt7DNivLmWo0Ms3bkm5hnEaw6A12HG9jKYzLpV951qUSXRsjRgCOaYLslyNYDRki%2BcR8c6SFIoNZtcfxHzE9%2Fxr9FGX0Vjczlkkugy1RnKJsT9K5wxCPSLHunxq0aezu%2FhG3i%2BfFZtF4Y7h6LSmLZeo2sHzQqafBJkaBh2DI1ZDXLNGieM%2BXXS9EZk3ckYsNd5BfaC%2FreDMtpdVanSubHoyKKqTcIPJMmW2AI%7Ctkp%3ABFBMjNHk7_lj
Apple iPhone SE 2nd Gen. - 64GB | 128GB | 256GB (Unlocked) A2275 - Good,Good - Refurbished,$174.95,,Free ,,https://www.ebay.com/itm/256355718360?epid=3037860076&itmmeta=01HZ7FS51Z8FNBF1S5EHFJY42N&hash=item3baffdd4d8:g:4nsAAOSwr01lizVV&itmprp=enc%3AAQAJAAAA0I0XHHiioXcN2o1lLSbSRq1xlI5btw1V9Q3W%2B67JJg%2BncE69LLw%2FVBCK2j7ywty6Cb0eePH25Cjyiz7Flu8QTu7BAsin0ya7bPijTLtY7kZu%2BSgpzPFYS8Hxm1lFmMhNgKohyJ%2F%2Bb9QOcwBg1Pv%2BFU%2FbwoOMmu75uzus41xLKzBT7L51tS%2B1LrbKf9p67PJMXAarl1n8bUdQbatmOH3kHyeXI4ND2gYuQWjkV2FXNyufo1MzHC%2BeItbV9y%2Fy9dLjL2Hu97brcBiIgXJTpDI0n%2BI%3D%7Ctkp%3ABFBMjNHk7_lj
